country,1953,1954,1955,1956,1957,1958,1959,1960,1961,1962,1963,1964,1965,1966,1967,1968,1969,1970,1971,1972,1973,1974,1975,1976,1977,1978,1979,1980,1981,1982,1983,1984,1985,1986,1987,1988,1989,1990,1991,1992,1993,1994,1995,1996,1997,1998,1999,2000,2001,2002,2003,2004,2005,2006,2007,2008,2009,2010,2011,2012,2013,2014,2015,2016,2017,2018,2019
Afghanistan,,,,,,,,,,,,,,,,,,,,,,,,,,,,,,,,,,,,,,12.8,12.7,12.7,12.8,13,13,13.1,13.2,13.3,13.4,13.5,13.7,13.4,13.3,13.3,13.1,13,12.7,12.6,12.3,12.2,12,11.9,11.8,11.7,11.5,11.5,11.4,11.4,11.4
Angola,,,,,,,,,,,,,,,,,,,,,,,,,,,,,,,,,,,,,,36.7,36.5,36.6,37.1,37.5,36.9,35.4,35,36,36.7,36.4,35.4,35.7,36.3,36.8,35.8,34.9,33.7,33.6,33.4,33.2,32.9,32.3,31.5,30.2,29.9,29.8,30,30.2,30.3
Albania,,,,,,,,,,,,,,,,,,,,,,,,,,,,,,,,,,,,,,8.06,8.25,7.91,7.45,7.08,7.44,7.61,7.62,7.45,7.87,7.89,7.6,7.98,8.29,8.37,8.76,8.65,8.34,8.49,8.31,8.09,8.08,8.06,8.06,8.06,8.09,8.09,8.06,8.03,7.98
Andorra,,,,,,,,,,,,,,,,,,,,,,,,,,,,,,,,,,,,,,13.4,13.4,13.5,13.8,14,13.7,13.5,13.4,13.4,13.3,13.1,12.9,12.7,12.6,12.6,12.5,12.5,12.3,12.4,12.5,12.6,12.6,12.7,12.7,12.7,12.7,12.7,12.7,12.6,12.5
United Arab Emirates,,,,,,,,,,,,,,,,,,,,,,,,,,,,,,,,,,,,,,16.8,17.1,17.3,17.4,18.1,18.2,18.3,18.2,17.9,17.7,17.3,16.9,16.5,17.5,18.9,18.9,18.9,19.6,19,18.7,18.3,18.1,17.8,16.3,11.5,11.4,11.2,11.1,10.9,10.8
Argentina,,,,,,,,,,,,,,,,,,,,,,,,,,,,,,,,,,,,,,23.7,23.9,24.4,24.5,24.5,24.9,25.9,27.2,27.7,28.5,27.8,27.7,27.3,27.5,26.6,25.8,26,26.5,26,26.9,26.5,26.5,26.8,27.1,26.8,27.1,28.3,28.3,28.2,28
Armenia,,,,,,,,,,,,,,,,,,,,,,,,,,,,,,,,,,,,,,19.1,18.9,19.9,19.7,18.3,18.4,19.1,18.7,19,18.7,18.5,19.1,18.8,19.2,19.3,19.7,20.1,19.8,19.8,19.3,19.2,18.8,18.1,16.9,16.1,16.3,15.6,15.7,15.7,15.6
American Samoa,,,,,,,,,,,,,,,,,,,,,,,,,,,,,,,,,,,,,,16.8,16.7,16.6,16.6,16.8,16.9,17,17.1,16.6,16.9,16.2,16.8,16.4,16.3,16.1,16.1,16.3,16.4,16.6,16.8,17,17.6,18.1,18.5,18.6,18.7,19,18.8,18.7,18.6
Antigua and Barbuda,,,,,,,,,,,,,,,,,,,,,,,,,,,,,,,,,,,,,,23.3,23.2,23.2,23.3,23.5,23.6,23.8,23.5,23.2,23.1,22.6,22.2,21.9,21.7,21.3,21.1,20.9,20.8,20.6,20.4,20.6,20.7,20.9,20.9,21.3,21.4,21.8,21.7,21.6,21.4
Australia,,,,,,,,,,,,,,,,,,,,,,,,,,,,,,,,,,,,,,11.3,11.1,10.9,10.4,10.3,9.83,9.54,9.24,8.89,8.47,8.42,8.09,8.05,8,7.94,7.75,7.86,8.13,8.18,8.4,8.42,8.57,8.44,8.57,8.84,9.03,9.03,8.84,8.72,8.55
Austria,,,,,,,,,,,,,,,,,,,,,,,,,,,,,,,,,,,,,,16.2,15.8,15.6,15.7,15,14.3,13.6,12.5,12.2,12.3,11.6,10.9,10.7,10.5,9.54,9.55,8.87,8.68,8.36,8.41,8.32,8.36,8.05,7.84,8,7.8,7.61,7.31,7.32,7.28
Azerbaijan,,,,,,,,,,,,,,,,,,,,,,,,,,,,,,,,,,,,,,13.9,13.9,14.4,14.5,14.7,14.4,14,13.9,13.9,13.8,13.6,13.2,13.2,13.5,13.5,13.6,13.3,13.3,13.4,13.4,13.3,13,12.9,12.3,12.1,12,11.9,11.9,11.9,11.9
Burundi,,,,,,,,,,,,,,,,,,,,,,,,,,,,,,,,,,,,,,50.1,51,52,52.9,53,53.7,54.4,53.9,53.5,52.6,51.1,48.9,47.6,47.1,47,46.1,44.5,43,41.8,41.1,41,40.6,40.5,40.1,39.5,38.9,38.3,37.9,38.2,38.1
Belgium,,,,,,,,,,,,,,,,,,,,,,,,,,,,,,,,,,,,,,10.3,10,10.2,10.1,10.2,9.99,9.74,9.79,9.53,9.21,9.06,8.91,8.72,8.51,8.36,8.3,8.09,8.39,8.2,8.36,8.33,8.32,8.05,8.19,7.79,7.89,7.57,7.53,7.52,7.49
Benin,,,,,,,,,,,,,,,,,,,,,,,,,,,,,,,,,,,,,,32.3,32,31.9,31.7,32,32.3,32.5,32.2,32.1,31.9,32,31.8,31.7,31.6,31.5,31.4,31.2,31.1,31.1,31.5,31.8,32.1,31.9,31.6,31.3,30.7,30.6,30.7,30.2,30.1
Burkina Faso,,,,,,,,,,,,,,,,,,,,,,,,,,,,,,,,,,,,,,36.7,35.8,35.4,34.8,34.5,34.3,34.1,34.2,34.5,34.1,33.7,33.3,32.9,33.1,33.5,33.6,33.3,32.6,31.5,30.9,31.1,31.2,31.6,32.2,32.7,33,33.9,34.5,34.8,34.5
Bangladesh,,,,,,,,,,,,,,,,,,,,,,,,,,,,,,,,,,,,,,19.4,17.3,17.2,16.4,15.7,15.6,14.6,13.7,12.9,12.6,12.5,12.2,12,11.8,11.5,11.6,11.4,11.1,10.9,10.8,10.7,10.3,10.3,10.2,9.97,9.93,9.95,9.97,10,10.1
Bulgaria,,,,,,,,,,,,,,,,,,,,,,,,,,,,,,,,,,,,,,18.6,18.1,17.5,16.2,16.1,15.8,15.9,16.6,16.3,16.8,17.2,17.6,18.2,18.7,20,20.2,21,21.7,21.7,22.1,22.6,22.9,22.7,22.9,24.5,24.4,23.7,23.4,23.3,22.9
Bahrain,,,,,,,,,,,,,,,,,,,,,,,,,,,,,,,,,,,,,,7.8,7.78,7.72,7.57,7.32,7.1,7.16,7.1,7.36,8.02,7.93,7.47,7.47,7.4,7.39,7.18,6.89,6.76,6.71,6.58,6.33,6.08,5.87,5.79,5.85,5.77,5.77,5.78,5.66,5.65
Bahamas,,,,,,,,,,,,,,,,,,,,,,,,,,,,,,,,,,,,,,28,27.9,27.7,27.8,27.6,28,28.9,28.5,28.4,28.7,28.5,27.6,26.8,26.9,25.9,25.1,25.5,24.8,24.9,24.7,24.4,24.5,24.2,24.6,24.1,23.9,24,24,23.9,23.8
Bosnia and Herzegovina,,,,,,,,,,,,,,,,,,,,,,,,,,,,,,,,,,,,,,12.2,12.8,13.1,13.1,13,12.9,12.5,12.3,11.5,11.8,12,12.4,12.7,12.9,13.4,13.5,13.7,14.4,13.5,13.5,13.6,13.3,13.3,13.5,13.8,14.2,13.9,13.6,13.6,13.5
Belarus,,,,,,,,,,,,,,,,,,,,,,,,,,,,,,,,,,,,,,16.4,17,17.5,18.4,18.1,18.1,17.9,18.1,17.9,18.1,16.4,17.2,17.8,17,16.8,16.4,16.5,16.3,16.2,16.6,16.6,17.5,15.9,16.3,16.2,15.3,15.4,15.5,15.4,15.4
Belize,,,,,,,,,,,,,,,,,,,,,,,,,,,,,,,,,,,,,,33.6,34.5,35,34.5,35.4,37.1,40.2,43.4,44.8,44.6,44.6,44.6,43.3,42.8,42.1,41.8,42,41.4,39.4,38.6,39.6,39.3,38.5,37.8,37.4,36.1,35.5,35.6,35.9,35.8
Bermuda,,,,,,,,,,,,,,,,,,,,,,,,,,,,,,,,,,,,,,15,15.2,15,15,14.8,14.5,14.2,14.1,13.9,13.5,12.9,12.3,11.9,11.5,10.8,10.4,9.98,9.63,9.38,9.16,8.9,8.69,8.46,8.36,8.32,8.34,8.44,8.43,8.39,8.34
Bolivia,,,,,,,,,,,,,,,,,,,,,,,,,,,,,,,,,,,,,,49.1,49.3,50.1,50.4,50.3,49.8,48.8,48.7,47.5,46.2,45.5,44.4,44.2,43.4,43,42.5,42,42.5,42.4,42.3,42.2,42.1,41.9,41.6,40.7,41,42,41.8,41.7,41.6
Brazil,,,,,,,,,,,,,,,,,,,,,,,,,,,,,,,,,,,,,,24.3,23.9,23.8,24,23.8,23.7,23.5,23.2,23.1,22.9,22.4,21.9,21.4,20.9,20.5,19.8,19.4,19.1,18.9,18.8,18.5,18.4,18.2,18.1,17.8,17.8,17.9,17.6,17.5,17.5
Barbados,,,,,,,,,,,,,,,,,,,,,,,,,,,,,,,,,,,,,,32.5,32.4,32.5,32.2,32.1,31.6,31.1,30.5,30.7,30.6,30.1,30.2,30.2,31.2,31.1,30,29.6,29.6,30,29.8,29.4,29,28.6,29.1,28.8,28.6,28.4,28.3,28.1,28
Brunei,,,,,,,,,,,,,,,,,,,,,,,,,,,,,,,,,,,,,,38.8,37.8,36.7,35.6,34.4,33.1,32.2,31.4,29.9,29.1,28.4,27.8,27.4,27.4,27.4,26.8,26.5,26.2,25.3,25,24.9,24.8,24.9,24.9,24.9,25,25,25,25.1,25
Bhutan,,,,,,,,,,,,,,,,,,,,,,,,,,,,,,,,,,,,,,20,19.9,19.5,19.3,18.9,18.6,17.9,17.5,17.1,16.2,15.9,15.1,14.4,14.1,13.8,13.6,13.3,13.2,13.1,13,13.1,13.1,13,13,12.9,12.9,12.9,12.9,12.9,12.9
Botswana,,,,,,,,,,,,,,,,,,,,,,,,,,,,,,,,,,,,,,37.7,38.8,40.3,41.4,42.4,42.9,42.1,41.5,43.1,45,48,50.1,51.3,50.7,48.4,45.6,43.9,44,46.3,47,48.1,49.5,49.5,50.1,50.6,50.3,49.2,48.8,48.4,47.6
Central African Republic,,,,,,,,,,,,,,,,,,,,,,,,,,,,,,,,,,,,,,47.1,47.9,46.6,48.1,48.5,48.5,49.6,49.1,49.4,49.4,48.5,48.3,48.5,48.3,48.1,47.6,47.2,46.5,45.3,44.9,45.4,45.5,44.8,44.8,44,43,42.3,41.5,41.1,40.7
Canada,,,,,,,,,,,,,,,,,,,,,,,,,,,,,,,10.7,10.4,10.9,10.4,10.3,10.4,10.9,11.4,11.3,11.1,11.1,11.1,10.9,10.9,10.6,10.6,10.5,10.5,10.5,10.7,10.8,10.5,10.4,10.3,10.7,11,11.1,10.9,11.1,11.5,11.5,11.8,11.8,11.9,11.8,11.5,11.3
Switzerland,,,,,,,,,,,,,,,,,,,,,,,,,,,,,,,,,,,,,,10.4,10.3,10,9.9,9.31,9.53,9.09,8.81,8.64,8.34,8.3,7.93,7.81,7.61,7.3,7.14,7.12,6.98,6.7,6.59,6.61,6.45,6.38,6.16,5.83,5.64,5.82,5.87,5.78,5.73
Chile,,,,,,,,,,,,,,,,,,,,,,,,,,,,,,,,,,,,,,35.3,33.8,32.7,32.7,32.5,31.6,30.2,29.2,28.3,27.4,25.6,25.7,23.8,23.6,22.8,21.8,21.2,20.8,19.6,19.9,19.4,18.8,18.5,18.6,18.1,18.8,18.4,18.2,18.2,18.1
China,,,,,,,,,,,,,,,,,,,,,,,,,,,,,,,,,,,,,,8.41,8.15,7.93,7.81,7.79,7.69,7.64,7.67,7.74,7.99,8.42,8.91,9.35,9.8,10.4,10.6,10.5,10.5,10.5,10.6,10.8,10.8,10.8,10.9,11.2,11.3,11.4,11.4,11.2,11
Cote d'Ivoire,,,,,,,,,,,,,,,,,,,,,,,,,,,,,,,,,,,,,,31.4,31.1,30.4,30.4,30.2,30.2,30.2,30.1,30.4,30.9,31.3,31.8,31.8,31.9,31.6,31.4,31.3,31,30.7,30.7,30.8,30.7,30.8,31.1,30.9,30.3,29.3,28.7,28.9,28.2
Cameroon,,,,,,,,,,,,,,,,,,,,,,,,,,,,,,,,,,,,,,35.1,35,35,35,35,35,35.1,35.9,36.5,36.9,37.3,37.4,37.5,37.7,37.7,37.7,37.3,36.7,35.8,35.4,35.2,35.3,35.2,35.1,34.8,34.1,33.7,33.2,33,32.6
"Congo, Dem. Rep.",,,,,,,,,,,,,,,,,,,,,,,,,,,,,,,,,,,,,,36.2,36.5,36.3,35.7,35.3,35.4,36.4,34.8,34.9,35,35.3,35.6,35.6,36.4,36.4,36.1,36,35.6,35.4,35,34.7,34.6,34.4,34,33.5,32.9,32.5,32.3,32.4,32.3
"Congo, Rep.",,,,,,,,,,,,,,,,,,,,,,,,,,,,,,,,,,,,,,47.8,46.7,45.5,45.6,48.2,48.9,50.5,50.9,48.2,47.8,46.2,43.7,42.6,43.7,44.4,45,44.9,44.8,44.3,43.5,43,42,41.7,41.2,40.5,39.4,38.4,37.9,37.6,37.2
Cook Is,,,,,,,,,,,,,,,,,,,,,,,,,,,,,,,,,,,,,,12.1,11.7,11.3,10.8,10.4,10,9.67,9.31,8.94,8.61,8.23,8.5,8.45,8.55,8.51,8.56,8.58,8.56,8.61,8.72,8.82,8.93,8.96,9.03,8.91,8.91,8.98,8.93,8.89,8.86
Colombia,,,,,,,,,,,,,,,,,,,,,,,,,,,,,,,,,,,,,,26.5,26.3,26.3,26.6,27,26.7,27.1,26.9,26.9,27.1,26.3,25.5,25.3,24.8,23.6,22.6,22,21.1,21.1,20.6,20.3,19.3,19,18.4,18.8,18.6,19,18.9,18.8,18.7
Comoros,,,,,,,,,,,,,,,,,,,,,,,,,,,,,,,,,,,,,,37.6,37.3,38.5,38.6,39.5,40,40.3,40,39,38.8,40,39.8,39.3,38.2,35.4,36.2,33.2,35.9,36.4,33.7,32.5,33.1,33.5,33.6,37.4,37.1,36.9,36.7,35.3,34.7
Cape Verde,,,,,,,,,,,,,,,,,,,,,,,,,,,,,,,,,,,,,,30,29.4,28.2,27.1,26.1,25.3,24.6,23.8,23,22.5,22.2,22.1,22,21.7,21.6,21.4,21.3,21.3,21.3,21.4,21.5,21.6,23.1,23,23.1,23.2,23.3,23.2,23.1,23
Costa Rica,,,,,,,,,,,,,,,,,,,,,,,,,,,,41.2,34.3,27.5,27.7,27.1,28.5,27.5,29.3,30,28.1,28.2,28.2,27.2,26.7,27.4,27.6,26.1,25.1,24.8,24,21.9,21.2,18.8,18.9,18.3,17.4,17.4,15,15.4,15.7,16.9,16.2,16.2,16.3,15.9,16.3,17,17.1,16.8,16.6
Cuba,,,,,,,,,,,,,,,,,,,,,,,,,,,,,,,,,,,,,,23.6,23.5,23.9,24.2,24.1,24.4,24.4,23.5,23.9,23.8,23.9,24.3,23.5,24.2,23.7,24,22.8,22.5,22.3,21.4,20.9,19.8,19.8,19.6,19.3,19.8,19.5,19.6,19.5,19.3
Cyprus,,,,,,,,,,,,,,,,,,,,,,,,,,,,,,,,,,,,,,7.61,7.42,7.44,7.52,7.73,7.75,7.47,7.36,7.21,7.09,6.83,6.66,6.71,7.01,7.33,7.45,7.43,7.45,7.59,7.47,7.3,7.09,6.85,6.84,7.06,7.03,6.7,6.55,6.55,6.49
Czech Republic,,,,,,,,,,,,,,,,,,,,,,,,,,,,,,,16.9,17.6,17.8,18.7,18.8,18.8,18.5,18.7,18.8,18.4,18,17.6,18.2,17,17.2,16.2,15.7,15.6,14.8,15.1,15.3,14.5,14.6,14.1,13.6,13.6,13.2,13,12.8,12.6,12.3,11.7,11.8,11.9,11.5,11.3,11.2
Germany,,,,,,,,,,,,,,,,,,,,,,,,,,,,,,,,,,,,,,13.8,13.6,13.1,13.1,12.7,12.4,12.2,12,11.8,11.8,11.7,11.4,11.2,11.1,10.7,10.4,10.2,10.1,10.1,10,9.85,9.73,9.43,9.52,9.17,9.36,9.35,9.34,9.34,9.33
Djibouti,,,,,,,,,,,,,,,,,,,,,,,,,,,,,,,,,,,,,,36.3,35.7,35.6,36.2,34.8,36,36.2,35.8,36.8,36.8,36.5,36.1,36,35,36.4,36.2,35.5,35.6,35.5,34.7,35.1,35,34.9,34.7,33.5,33.5,33.1,33.5,34,33.9
Dominica,,,,,,,,,,,,,,,,,,,,,,,,,,,,,,,,,,,,,,41.1,41.2,40.7,40.5,40.6,40.8,41,40.6,40.5,41,40.6,40.4,40.3,40,38.7,38,37.9,36.7,35.8,35.2,35.1,35.3,35.2,35,34.5,33.9,33.6,33.5,33.5,33.5
Denmark,29.4,26.8,27.9,29.4,28.8,29.1,31.4,31.4,30.8,32.3,30.2,32.7,30.3,33.8,31.7,28.1,28.5,28.9,26.3,25.6,24.2,25.4,23,24.9,21.2,22.1,19.5,20.3,21.1,21.9,19.9,18.6,19.6,18.1,20.1,20.8,21.2,19.7,18.7,18.4,17.7,16.8,16.3,15.2,14.8,13.5,13.8,12.2,12,11.9,11.4,10.9,10.4,10.1,10.3,10.2,9.96,9.66,9.14,9.13,8.95,8.82,8.87,9.03,9.1,9.05,8.98
Dominican Republic,,,,,,,,,,,,,,,,,,,,,,,,,,,,,,,,,,,,,,19.8,19.9,20.2,21.4,21.1,21.3,22.1,22.8,23.1,22.8,22.5,22.7,23.1,23.6,24.4,25.3,26,25.7,25.1,24.4,23.8,23.6,24.4,25.5,26.3,26.9,26.9,26.4,25.9,25.4
Algeria,,,,,,,,,,,,,,,,,,,,,,,,,,,,,,,,,,,,,,13.7,13.5,13.2,13,12.8,12.6,12.2,11.8,11.3,11.1,11,10.8,10.7,10.5,10.5,10.4,10.4,10.3,10.2,10.1,9.96,9.88,9.78,9.71,9.66,9.58,9.47,9.42,9.5,9.48
Ecuador,,,,,,,,,,,,,,,,,,,,,,,,,,,,,,,,,,,,,,28.7,29.5,29.7,28.9,28.5,27.7,28,27.4,28.1,27.3,26.8,24,28.2,29.7,29.1,30.1,30.7,30.9,30.8,30.3,29.7,28.1,29.3,28.6,27.8,27,27.2,27.2,27.1,27.2
Egypt,,,,,,,,,,,,,,,,,,,,,,,,,,,,,,,,,,,,,,2.86,2.8,2.74,2.79,2.77,2.67,2.72,2.76,2.74,2.71,2.62,2.75,2.79,2.83,2.82,2.82,2.84,2.77,2.8,2.88,2.94,2.86,2.94,2.76,2.8,2.91,2.93,2.88,2.86,2.84
Eritrea,,,,,,,,,,,,,,,,,,,,,,,,,,,,,,,,,,,,,,43,43,42.6,42.1,42.5,43,42.8,43.1,42.8,43.5,44,43.4,44.8,45.2,45.8,45.9,45.7,45.4,45.4,45.3,44.9,44.5,44.8,45,45,45.2,45.2,45.1,45,45
Spain,,,,,,,,,,,,,,,,,,,,,,,,,,,,,,,,,,,,,,10.7,10.7,10.3,10.3,10.3,10.2,9.89,9.67,9.52,9.41,9.18,9.02,8.93,9.08,8.84,8.88,8.85,9.02,9.19,9.15,9.04,9.24,9.04,9.02,8.88,9,8.77,8.73,8.75,8.7
Estonia,,,,,,,,,,,,,,,,21.9,17,16.3,21.2,20.3,20.7,16.5,19,18.2,19.8,16.6,17.4,19.3,16.9,21,19.8,20.2,20.4,20.8,21.3,21.1,22,23.5,24.3,23.1,24.8,25.6,23.8,21.4,20.7,21.1,20,20.8,21,20,19.6,19,19.3,19.3,19.4,19,18.1,17,17.8,17.6,17.4,17.3,16.6,17.4,17.3,17,16.6
Ethiopia,,,,,,,,,,,,,,,,,,,,,,,,,,,,,,,,,,,,,,38.6,38,38.2,38.1,37.9,37.5,36.6,35.8,35.4,34.6,33.6,32.9,32.3,31.8,31.1,30.3,29,27.8,26.7,25.8,24.9,24.1,23.1,23.9,24.3,24.6,24.8,24.6,24.6,24.6
Finland,13.1,14.3,13.5,15.2,13.4,14.1,13.3,14.2,13.5,15.6,13.8,14.9,15.9,15.7,14.6,13.6,13.2,11.4,10.8,9.88,8.28,8.44,8.69,7.23,7.36,7.05,6.64,6.33,7.49,6.27,6.13,6.23,5.9,5.47,5.78,5.66,6.04,5.75,5.65,5.66,5.64,5.39,5.44,5.23,5.4,5.3,5.3,5.5,5.3,5.25,5.13,5.47,5.48,5.27,5.36,5.52,5.64,5.64,5.55,5.67,5.65,5.48,5.36,5.32,5.27,5.23,5.18
Fiji,,,,,,,,,,,,,,,,,,,,,,,,,,,,,,,,,,,,,,46.1,45.1,43.9,42.8,41.5,40.5,39.9,38.6,36.4,36.4,36.4,34.3,34.4,36.2,35.7,37,38.4,39.9,41.4,41,40.9,40.6,40.4,40.4,40.4,40.5,40.5,40.5,40.5,40.4
France,,,,,,,,,,,,,,,,,,,,,,,,,,,,,,,,,,,,,,10.9,10.7,10.5,10.4,10.1,9.95,9.71,9.6,9.7,9.58,9.37,9.35,9.36,9.33,9.01,8.93,8.78,8.64,8.86,8.97,8.81,8.78,8.64,8.56,8.49,8.48,8.11,8.09,8.12,8.1
"Micronesia, Fed. Sts.",,,,,,,,,,,,,,,,,,,,,,,,,,,,,,,,,,,,,,39.6,39.5,39.2,38.8,38.5,38.1,37.7,37.1,36.5,35.8,35.2,35,34.9,34.9,35.1,35.1,35.2,35.4,35.5,35.6,35.6,35.6,35.7,35.8,35.9,35.9,35.8,36,36.1,36.2
Gabon,,,,,,,,,,,,,,,,,,,,,,,,,,,,,,,,,,,,,,36,35.9,35.1,34.1,34.9,35.5,36.3,36.1,35.9,35.8,36.1,36.9,36,36.5,36.2,35,34.9,33.9,33.6,32.3,30.8,30.5,29.4,28.1,27.7,27.5,27.3,27.1,27.1,26.9
United Kingdom,,,,,,,,,,,,,,,,,,,,,,,,,,,,,,,,,,,,,,14,13.4,12.9,12.5,11.7,11.6,11.2,10.6,10.2,9.83,9.56,9.37,9.17,9.11,8.79,8.69,8.63,8.63,8.78,8.57,8.59,8.47,8.25,8.24,8.19,8.22,8.31,8.28,8.27,8.19
Georgia,,,,,,,,,,,,,,,,,,,,,,,,,,,,,,,,,,,,,,23.5,23.5,23.3,22,21.8,19.8,17.8,17.6,15.9,15,14.2,14.7,15.4,15.5,15,15.3,15.5,15.9,16.9,18,18.1,18.4,18.8,18.5,18.3,18,17.8,17.6,17.4,17.2
Ghana,,,,,,,,,,,,,,,,,,,,,,,,,,,,,,,,,,,,,,35,35.2,35.6,35.6,35.3,35,35.1,35.2,34.8,34.2,33.8,34.2,33.9,33.4,33,32.8,32.2,31.9,31,30.4,30.1,30,29.4,28.9,28.7,28.3,28.5,28.5,27.9,27.6
Guinea,,,,,,,,,,,,,,,,,,,,,,,,,,,,,,,,,,,,,,59.5,59,58.6,58.1,58,57.4,56.8,56.3,56.5,56.5,55.7,56.1,56.1,55.9,56,55.9,56.4,56.3,55.5,55.3,55.2,55.1,55.3,55.4,56,55.9,55.5,55,54.6,53.6
Gambia,,,,,,,,,,,,,,,,,,,,,,,,,,,,,,,,,,,,,,22,22.5,23.1,22.4,22.1,24.2,22.6,22.9,23.9,25.5,23.8,23.4,23.4,24.3,26.4,26.9,26,25.9,24.6,24.8,24.3,22,22.3,22.8,24.8,23.6,25,26.4,26.1,26.1
Guinea-Bissau,,,,,,,,,,,,,,,,,,,,,,,,,,,,,,,,,,,,,,47.9,47.8,47.6,47.4,47.4,47.3,47.1,46.8,46.6,46.4,46.3,46.2,46.8,47.4,48.3,48.2,48.7,49.1,49.1,49.2,48.8,48.2,48.1,47.8,47.5,47.1,46.8,46.2,45.3,44.8
Equatorial Guinea,,,,,,,,,,,,,,,,,,,,,,,,,,,,,,,,,,,,,,37.7,37.2,36,35.8,35.5,35.5,35.9,33.8,33,32.6,31.9,30.7,29.5,29.6,29.9,30,30.2,29.6,29.3,29.3,29.6,30.2,29.6,28.2,27.3,27.4,27.7,27.5,27.8,27.7
Greece,,,,,,,,,,,,,,,,,,,,,,,,,,,,,,,,,,,,,,11.2,11.1,11.2,10.7,10.1,10.1,9.88,9.65,9.81,9.77,9.08,8.66,8.76,8.55,8.55,8.34,8.1,8.46,8.32,8.46,8.51,8.46,8.5,8.19,8.02,8,8.27,8.27,8.29,8.28
Grenada,,,,,,,,,,,,,,,,,,,,,,,,,,,,,,,,,,,,,,41.3,41,40.9,42.2,41.2,40,39.1,37.5,36.5,34.8,34.2,34.3,34.2,34,33.6,33.3,33.5,33.6,33.5,33.4,33.6,34,34.3,34.3,34.4,34.5,35,35.9,34.9,34.3
Greenland,,,,,,,,,,,,,,,,,,,,,,,,,,,,,,,,,,,,,,36.1,35.9,36.1,37.4,38,38.3,38.5,38,36.8,36.1,35,33.9,33.4,31.7,30.4,30,29.6,29.5,28.8,27.8,27.6,27,26.1,26,25.6,25.2,25.1,24.9,24.8,24.6
Guatemala,,,,,,,,,,,,,,,,,,,,,,,,,,,,,,,,,,,,,,22.2,23.4,24.3,25.7,26.8,25.5,25.7,27.5,29.6,31.1,35,34.6,35.5,36.4,37.6,37.4,38,36.6,35.8,36.2,37,36.5,35.4,33.7,33.2,32.2,31.8,31.3,31.2,31.2
Guam,,,,,,,,,,,,,,,,,,,,,,,,,,,,,,,,,,,,,,15.3,15.4,15.3,15.5,15.5,15.6,16.2,15.1,14.2,14.1,13.4,13.7,13.1,13,12.3,11.8,11.8,11.8,11.9,12.2,12.2,12.3,12.4,12.6,13,13.3,13.4,13.3,13.4,13.7
Guyana,,,,,,,,,,,,,,,,,,,,,,,,,,,,,,,,,,,,,,45.9,45.1,44.3,46.7,45.1,45,47.9,46.6,47.2,47.5,52.9,48.9,47.8,46,46,44.8,43.6,43.5,43.3,41.3,41.4,40.8,40.9,39.5,39.5,39.5,39.2,38.8,39,38.9
"Hong Kong, China",,,,,,,,,,,,,,,,,,,,,,,,,,,,,,,23,20,18.7,18.6,16.1,16.9,15.7,16,14.4,13.9,13.4,12.7,13.5,11.3,11.2,,,,,,,,,,,,,,,,,,,,,,
Honduras,,,,,,,,,,,,,,,,,,,,,,,,,,,,,,,,,,,,,,19.6,18.5,20.5,19.6,18.9,21.7,21.7,21.5,21.2,20.7,20.2,20.2,20.1,20,19.9,19.9,19.8,19.7,19.6,19.5,19.5,19.6,19.4,19.3,19.2,19.1,19.1,19,19.1,19
Croatia,,,,,,,,,,,,,,,,,,,,,,,,,,,,,,,,,,,,,,20.1,19.7,19.6,19.3,19,18.6,18.8,18.4,17.3,16,14.4,13.5,13.5,13.6,13.4,13.4,13,13.4,14.1,13.4,14,14.1,14,14.1,14.1,14.1,12.8,12.5,12.4,12.3
Haiti,,,,,,,,,,,,,,,,,,,,,,,,,,,,,,,,,,,,,,58.1,56.7,56.4,56.1,55.9,54.6,52.8,51.8,49.7,49.7,49.6,49.9,49.8,50.3,50.8,51,50.4,49.8,48.8,48,47.4,47.6,47.1,46.7,46.5,46.2,45.7,45,44.5,44.1
Hungary,,,,,,,,,,,,,,,,,,,,,,,,,,,,,,,,,,,,,,21.5,21.3,22,22.5,21.8,21.7,20.8,20.8,20.6,20.4,19.1,18.3,17.7,17.5,16.8,16.6,16.1,16.4,15.7,15.6,15,14.9,15,14.7,14.7,15.1,14.3,14.5,14.4,14.3
Indonesia,,,,,,,,,,,,,,,,,,,,,,,,,,,,,,,,,,,,,,15.9,15.7,15.6,15.5,15.4,15.4,15.5,15.5,15.5,15.5,15.5,15.5,15.4,15.4,15.3,15.3,15.2,15.1,14.9,14.7,14.5,14.3,14.1,13.8,13.5,13.3,13.1,13,12.9,12.8
India,,,,,,,,,,,,,,,,,,,,,,,,,,,,,,,,,,,,,,16.6,16.3,16.3,16,15.9,15.6,15.8,16.3,16.1,15.7,15.2,15,14.7,13.9,13.2,13,12.9,12.8,12.6,12.3,12.5,12.5,12.3,12.6,12.8,13.2,13.2,13.1,13.1,13.1
Ireland,,,,,,,,,,,,,,,,,,,,,,,,,,,,,,,,,,,,,,11.3,10.8,11.1,10.9,10.8,11,10.5,10.8,10.4,10.4,10.6,10.4,9.89,10,10.4,10.5,10.6,10.3,11.3,11.6,10.9,11.6,11.6,10.9,10.7,11,10.4,10.1,9.91,9.64
Iran,,,,,,,,,,,,,,,,,,,,,,,,,,,,,,,,,,,,,,5.36,5.31,5.27,5.25,5.17,5.12,5.07,4.95,4.83,4.67,4.66,4.68,4.51,4.35,4.23,4.17,4.1,3.96,3.88,3.83,3.8,3.82,3.83,3.86,3.91,3.96,3.98,3.98,3.98,3.99
Iraq,,,,,,,,,,,,,,,,,,,,,,,,,,,,,,,,,,,,,,4.65,4.71,4.76,4.76,4.74,4.77,4.77,4.72,4.62,4.52,4.45,4.43,4.41,4.39,4.33,4.28,4.26,4.26,4.39,4.39,4.5,4.59,4.71,4.82,4.87,4.75,4.7,4.65,4.64,4.61
Iceland,,,,,,19,18.9,17.5,15.3,12,22.5,18.9,24.5,34.4,22.7,34.5,15.8,24.6,17.9,14.6,17.8,16.8,12.2,12.6,3.39,7.87,12.3,6.92,18,12.1,17.7,14.2,17.6,10.2,10.2,6.66,9.36,10.5,10.3,10.2,10.1,9.93,9.69,9.43,9.22,8.99,8.71,8.43,8.13,7.91,7.71,7.44,7.2,6.93,6.65,6.4,6.25,6.12,6.04,5.97,5.98,5.98,5.94,5.87,5.84,5.91,5.77
Israel,,,,,,,,,,,,,,,,,,,,,,,,,,,,,,,,,,,,,,6.39,6.58,6.88,6.92,7.11,6.96,7.23,7.27,7.26,7.23,7.08,7.14,7.27,7.15,6.78,6.84,6.88,7.06,6.91,7.17,6.9,7.14,6.8,6.97,7.02,6.86,6.95,6.92,6.75,6.65
Italy,,,,,,,,,,,,,,,,,,,,,,,,,,,,,,,,,,,,,,5.06,5.13,5.09,5.13,5.15,5.2,5.2,5.26,5.51,5.49,5.66,5.88,6.24,7.03,7.15,7.45,7.51,7.71,7.8,7.99,7.9,8.07,8.07,8.04,7.88,8.15,7.96,7.76,7.67,7.57
Jamaica,,,,,,,,,,,,,,,,,,,,,,,,,,,,,,,,,,,,,,32.1,31.6,31.5,31.2,30.4,28.6,31.2,32.7,34.4,36.3,38.4,39.1,36.9,35.8,32.5,29.3,29.6,30.1,32,32.5,31.9,32.7,33.5,32.7,34.8,35.1,34.6,34.4,34.2,34.1
Jordan,,,,,,,,,,,,,,,,,,,,,,,,,,,,,,,,,,,,,,6.04,5.98,5.66,5.8,5.67,5.72,5.84,5.75,5.7,5.64,5.53,5.5,5.45,5.35,5.42,5.4,5.26,4.85,4.49,4.3,4.21,4.16,4.16,4.1,4.09,4.03,4.04,4.03,4.03,4.03
Japan,,,,,,,,,,,,,,,,,,,,,,,,,,,,,,,,,,,,,,10.5,10.3,10.1,9.83,9.55,9.63,9.48,9.47,9.66,9.77,9.79,9.77,9.88,10.1,10.4,10.7,10.8,10.9,11.2,11.4,11.7,12.2,11.9,11.9,12,11.8,11.8,11.4,11.3,11.2
Kazakhstan,,,,,,,,,,,,,,,,,,,,,,,,,,,,,,,,,,,,,,21.3,19.2,19.2,19.3,19.5,19.7,19.8,19.5,19.1,19.1,19.3,19.7,19.9,20.7,21.4,22,22.5,22.6,22.3,22,22.1,21.8,21.6,20.3,19.9,19.4,19.1,18.9,18.6,18.5
Kenya,,,,,,,,,,,,,,,,,,,,,,,,,,,,,,,,,,,,,,18.5,18.8,19.1,19.2,19.4,19.5,19.5,19.6,19.6,19.4,19.6,19.5,20.1,20.8,20.9,20.9,20.7,20.1,19.6,19.3,19.4,19.1,18.9,18.8,18.5,18.3,18.2,18.1,18.2,18.3
Kyrgyz Republic,,,,,,,,,,,,,,,,,,,,,,,,,,,,,,,,,,,,,,23.2,24.1,23.5,23.5,24.2,24.1,22.9,21.5,20.9,19.9,18.7,18.1,18.6,19.3,19.7,19.4,20.2,20.4,20.9,20.3,20.2,20.6,20.3,20.3,19.8,20.3,19.2,18.7,18.4,18.3
Cambodia,,,,,,,,,,,,,,,,,,,,,,,,,,,,,,,,,,,,,,22.7,22.4,22.2,22.2,22.1,21.9,21.6,21.2,20.8,20.5,20.1,19.9,19.7,19.4,19.3,19.1,18.7,18.4,18,17.8,17.7,17.6,17.6,17.5,17.6,17.6,17.7,17.7,17.8,17.8
Kiribati,,,,,,,,,,,,,,,,,,,,,,,,,,,,,,,,,,,,,,128,129,129,128,126,125,124,123,122,122,120,118,116,114,113,111,112,113,114,114,114,114,113,112,111,110,110,109,109,109
St. Kitts and Nevis,,,,,,,,,,,,,,,,,,,,,,,,,,,,,,,,,,,,,,63,57.3,55.7,54.5,53.4,51.7,50.8,49.1,48.2,46.7,44.7,42.4,40.7,39.1,37.6,36.6,35.9,35,34.1,33.4,32.8,32.5,31.9,31.2,30.8,30.1,29.8,29.5,29.3,29.1
South Korea,,,,,,,,,,,,,,,,,,,,,,,,,,,,,,,,,,,,,,15,14.9,14.8,15,15.3,15.8,15.9,15.9,15.3,14.9,14.5,13.5,13,12.8,12,11.5,10.8,10.8,10.7,10.6,10.3,9.85,9.46,9.34,9.18,9,8.92,8.94,9.04,9.08
Kuwait,,,,,,,,,,,,,,,,,,,,,,,,,,,,,,,,,,,,,,6.32,5.66,5.39,5.52,5.42,5.22,5.07,5.13,5.12,5.14,5.21,5.04,5.05,5.13,5.1,4.95,4.86,4.92,5.09,5.02,4.65,4.39,4.22,4.02,3.97,3.69,3.62,3.59,3.59,3.62
Lao,,,,,,,,,,,,,,,,,,,,,,,,,,,,,,,,,,,,,,25.5,25.2,25,24.8,24.5,24.2,23.7,23.3,22.7,22.2,21.5,21.1,20.4,19.9,19.3,19,18.6,18.2,17.9,17.5,17.1,16.7,16.4,16.2,16.1,16,15.9,15.8,15.8,15.7
Lebanon,,,,,,,,,,,,,,,,,,,,,,,,,,,,,,,,,,,,,,7.32,7.26,7.28,7.27,7.11,7.04,6.94,6.89,6.89,6.7,6.6,6.48,6.38,6.32,6.18,6.11,6.13,6.13,6.1,6.08,6.06,6.1,6.1,6.11,6.11,6.09,6.08,6.07,6.08,6.08
Liberia,,,,,,,,,,,,,,,,,,,,,,,,,,,,,,,,,,,,,,34.5,35.2,35.6,35.8,36.4,36,36.4,35.4,34.9,34.1,33.9,33.5,33.5,33.5,33.7,33.8,34,34,34,34.3,34.6,34.3,34.8,34.5,33.4,32.4,31.8,31.1,31,31
Libya,,,,,,,,,,,,,,,,,,,,,,,,,,,,,,,,,,,,,,9,8.92,8.77,8.6,8.43,8.34,8.22,8.29,8.24,8.14,8.11,7.86,7.63,7.28,6.97,6.89,7,8.15,8.32,8.89,8.53,8.46,8.38,8.29,8.27,8.27,8.3,8.3,8.31,8.29
St. Lucia,,,,,,,,,,,,,,,,,,,,,,,,,,,,,,,,,,,,,,42,42.1,42.3,41.9,40.4,39.9,39.6,38.1,37.5,36.8,34.8,33.5,32.5,31.7,30.8,30.5,30,29.3,29,28.5,28.2,28.2,28.5,28.4,28.3,28.3,28.6,28.6,28.6,28.5
Sri Lanka,,,,,,,,,,,,,,,,,,,,,,,,,,,,,,,,,,,,,,7.69,7.28,7.2,7.31,7.53,7.48,7.9,8.56,8.42,8.58,8.63,8.3,8.39,8.59,8.69,8.81,8.6,8.32,8.27,8.62,8.34,8.23,8.03,8.03,8,7.95,7.96,7.91,7.87,7.84
Lesotho,,,,,,,,,,,,,,,,,,,,,,,,,,,,,,,,,,,,,,28.5,27.9,27.4,26.9,26.6,25.8,24.6,23.5,25.3,27.4,32.2,33.7,36.5,40.8,43,45.3,46.2,47.7,50,50.3,51.7,52.3,54.5,56.3,57.1,57.1,55.6,53.8,52.9,52.8
Lithuania,,,,,,,,,,,,,,,,,,,,,,,,,,,,,,,,,,,,,,19.1,19.3,18.3,19,18.9,18.6,17.8,17,17.1,16.6,16.6,17.2,16.8,16.6,16.1,16.5,16.4,18,18.2,16.2,15.7,15.3,14.8,14.4,13.5,13.6,13.2,12.8,12.6,12.4
Luxembourg,,,,,,,,,,,,,,,,,,,,,,,,,,,,,,,,,,,,,,10.3,10.1,9.95,9.65,9.21,8.92,8.84,8.66,8.49,8.4,8.23,7.91,7.61,7.29,7.14,7.06,6.99,6.88,6.77,6.71,6.65,6.5,6.31,6.22,5.99,5.75,5.45,5.41,5.36,5.32
Latvia,,,,,,,,,,,,,,,,,,,,,,,,,,,,,,,,,,,,,,13.9,13.4,13.2,14.3,14.9,13.9,11.7,11.2,11.8,11.4,11.2,11.8,11.6,11.8,11.9,12.1,12.7,12.2,11.2,10.6,10.1,9.86,9.23,9.65,9.09,8.68,8.77,8.77,8.72,8.68
Morocco,,,,,,,,,,,,,,,,,,,,,,,,,,,,,,,,,,,,,,13.9,13.9,14.1,14.3,14.4,14.4,14.4,14.6,14.3,14.4,14.2,14.3,14.5,14.6,14.6,14.7,14.8,15,14.9,14.8,14.8,14.7,14.6,14.5,14.4,14.3,14.2,14.2,14.1,14
Monaco,,,,,,,,,,,,,,,,,,,,,,,,,,,,,,,,,,,,,,11.1,11,10.9,10.9,10.8,10.7,10.5,10.3,9.93,9.53,9.14,8.95,8.89,8.94,9,9.06,9.1,9.09,9.13,9.22,9.31,9.33,9.34,9.23,9.15,9.05,8.92,8.78,8.63,8.47
Moldova,,,,,,,,,,,,,,,,,,,,,,,,,,,,,,,,,,,,,,20.7,20.6,18.5,18.4,19.2,19.3,18.2,16.5,16,16.3,16.6,17,17.1,17.7,17.6,18.8,19.1,18.8,18.5,18.4,18.9,17,16.8,16.7,17.7,17.9,17.2,15.9,15.2,14.8
Madagascar,,,,,,,,,,,,,,,,,,,,,,,,,,,,,,,,,,,,,,40,40,40.1,40.5,38.7,38.8,38.4,39,39.2,38.1,38,37.6,38.4,38.3,38.2,37.1,36.1,35.4,35.4,35.4,35.2,34.9,34.6,34.3,34,33.7,33.6,33.6,33.6,33.5
Maldives,,,,,,,,,,,,,,,,,,,,,,,,,,,,,,,,,,,,,,22.2,21.9,21.6,20.5,19,18.5,18.6,18.1,16.8,15.8,15.2,14.6,13,12.2,11.5,10.9,10.5,10.2,9.98,9.84,9.65,9.38,9.22,9.03,8.84,8.63,8.66,8.68,8.73,8.78
Mexico,,,,,,,,,,,,,,,,,,,,,,,,,,,,,,,,,,,,,,36.1,35,34.5,34.4,33.8,33.6,32.7,32,31.1,30,28.4,27.1,26.1,25.2,23.9,23.4,22.3,21.3,21,21,19.7,18.9,18.6,18.8,18.7,18.2,18.2,18.3,18.4,18.3
Marshall Islands,,,,,,,,,,,,,,,,,,,,,,,,,,,,,,,,,,,,,,36.8,37.6,38.1,38.6,39,39.7,40.3,40.3,40,39.8,39.8,40.1,40.4,40.6,40.8,41.1,41.5,41.3,41.1,40.8,40.6,40.3,39.9,39.5,39.1,38.7,38.5,38.3,38.1,37.9
North Macedonia,,,,,,,,,,,,,,,,,,,,,,,,,,,,,,,,,,,,,,14.6,14.4,15.2,15.8,16.6,17.6,19,20.1,21,20.7,20.3,19.3,18.6,18.3,17.8,17.1,16.9,17.1,16.5,15.8,15.6,15.1,15.6,14.8,14.7,15,14.8,14.7,14.6,14.5
Mali,,,,,,,,,,,,,,,,,,,,,,,,,,,,,,,,,,,,,,35.3,35.1,35.2,35,35.2,35.7,35.6,35.4,34.9,34.4,34,33.5,33.2,32.7,32.2,31.7,31.1,30.8,30,29.4,29.1,28.7,28.3,28.1,27.9,27.9,28.3,28.3,28.3,28.1
Malta,,,,,,,,,,,,,,,,,,,,,,,,,,,,,,,,,,,,,,7.46,7.11,6.85,6.6,6.14,5.86,5.65,5.56,5.46,5.48,5.47,5.44,5.44,5.49,5.48,5.39,5.35,5.32,5.25,5.22,5.13,5.21,5.22,5.15,5.15,5.19,5.15,5.1,5.02,4.94
Myanmar,,,,,,,,,,,,,,,,,,,,,,,,,,,,,,,,,,,,,,24.3,24.2,24.1,23.9,23.6,23.4,23.1,22.9,22.5,22.2,22.1,22,21.8,21.5,21.2,20.5,20,19.2,18.3,17.5,16.6,15.9,15.2,15,14.8,14.6,14.4,14.4,14.3,14.3
Montenegro,,,,,,,,,,,,,,,,,,,,,,,,,,,,,,,,,,,,,,13.5,12.9,13.1,13.5,13.9,14.2,14.7,15.1,15.7,16.4,16.6,16.8,16.6,16.9,16.8,16.4,16.2,15.7,15.4,15.1,14.7,14.4,14.3,14.2,14.3,14.3,13.9,13.8,13.7,13.6
Mongolia,,,,,,,,,,,,,,,,,,,,,,,,,,,,,,,,,,,,,,29.1,29.6,29.9,30.1,30,30.7,30.9,31.3,30.7,30.5,29.8,29,28.1,27.4,26.7,26,25.5,24.8,24.1,24,23.9,23.5,22.9,22.2,21.4,21.1,21.2,21.1,21,21
Northern Mariana Islands,,,,,,,,,,,,,,,,,,,,,,,,,,,,,,,,,,,,,,46.2,45.3,44.5,43.8,43.1,42.4,41.8,41.2,40.1,42.6,41.5,41.9,40.8,40,39.1,38.7,37.6,36.7,36.1,35.3,35,35.3,35.3,35.7,36.1,36.3,37.1,36.7,36.5,36.2
Mozambique,,,,,,,,,,,,,,,,,,,,,,,,,,,,,,,,,,,,,,39.1,38.7,38.6,38.4,38.1,37.7,37.6,37.6,37.3,36.9,36.5,35.1,34.6,34.4,34.6,35.3,35.5,36.6,37.9,38.9,40.3,41.3,42.3,42.9,43.4,43.4,43.4,43.5,43.4,43.2
Mauritania,,,,,,,,,,,,,,,,,,,,,,,,,,,,,,,,,,,,,,40.1,39.1,38.5,37.8,36.1,35,34.6,34,33.9,33.2,33.1,33.3,33,32.4,32.7,32.4,32.5,31.6,30.8,31.2,30.6,30.5,30.9,30.8,29.6,29.2,28.6,29,28.4,28
Mauritius,,,,,,,,,,,,,,,,,,,,,,,,,,,,,,,,,,,,,,18.2,18.6,20.6,20,20.4,19.1,18.3,16.9,16.7,17.2,17.5,16.9,15.9,15.7,15.3,14.8,14.1,13.7,13.6,13,12.9,12,12.2,11.8,11.8,11.9,11.6,12.3,12.3,12.1
Malawi,,,,,,,,,,,,,,,,,,,,,,,,,,,,,,,,,,,,,,44.5,44.1,43.6,43.2,43.5,43.8,43.8,44.8,46.5,47.3,47.8,47.6,48,48.7,48.6,47.5,45.1,44,43.3,42.9,42.7,42,41.4,40.8,40.2,39.8,39.8,39.7,39.8,39.8
Malaysia,,,,,,,,,,,,,,,,,,,,,,,,,,,,,,,,,,,,,,21.9,21.3,21.2,21.2,20.7,21.2,20.3,19.6,19.1,20.5,18.8,17.9,17.8,17.6,17,16.6,16.3,15.9,15.7,15.8,15.6,15.4,15.5,15.4,16.1,16.4,16.8,17.2,17.5,17.9
Namibia,,,,,,,,,,,,,,,,,,,,,,,,,,,,,,,,,,,,,,20.6,20.4,20.3,20.3,20.5,20.7,20.6,21.2,21.9,22.9,24.1,23.9,24.1,24.9,24.6,24.3,23.8,23.6,23.7,24.6,25.2,25,25.7,26.8,27.5,27.8,27.9,27.5,27.4,26.9
Niger,,,,,,,,,,,,,,,,,,,,,,,,,,,,,,,,,,,,,,35.2,35.2,35.6,35.8,35.8,36,35.3,35.4,35.3,35.3,35.2,35.5,35.6,35.8,35.4,35.3,34.8,34.5,33.8,33.3,32.9,32.8,32.9,33.1,33.5,33.5,33.9,34.2,34.3,34
Nigeria,,,,,,,,,,,,,,,,,,,,,,,,,,,,,,,,,,,,,,20.1,20.2,20.2,20.1,20,19.8,19.5,19.4,19.4,19.3,19.2,19.3,19.4,19.5,19.6,19.6,19.5,19.4,19.1,19.1,19.3,19.8,20.1,20.1,19.7,19.1,18.9,18.6,18.4,18.2
Nicaragua,,,,,,,,,,,,,,,,,,,,,,,,,,,,,,,,,,,,,,36.4,38.1,36.8,37.6,35,40.4,41,38.2,36.6,34.9,34.1,35.1,35.2,33.9,34.7,35.1,31.9,33.9,34.4,34.7,33.7,33.8,32.9,32.3,32.8,30.9,31.1,30.4,30,29.8
Niue,,,,,,,,,,,,,,,,,,,,,,,,,,,,,,,,,,,,,,28.7,29.5,30.5,30.7,30.3,30,29.8,29.7,28.7,28.1,27.8,27.1,26.9,26.5,26.8,26.3,26.8,27.1,27.7,27.3,26.9,26.7,26.4,26.1,25.8,25.5,25.3,25.2,25,24.9
Netherlands,,,,,,,,,,,,,,,,,,,,,,,,,,,,,,,,,,,,,,8.34,8.48,8.23,8.23,8.02,7.76,7.83,7.9,7.79,8.01,7.85,7.81,7.73,7.6,7.45,7.33,7.11,6.97,7.11,6.96,6.96,7.14,7.02,6.87,6.79,6.85,7.17,7.13,7.05,6.97
Norway,14.7,15.4,14.2,14.4,14.9,16.1,15,15.7,15.2,13.8,15.5,16.5,16.4,16,17.1,16.3,17.6,18.8,17.4,18.2,17.7,20.7,17.5,17.8,18.2,16.9,14.6,14.2,14.5,14.1,13.1,11.4,12,11,10.3,10.4,10.3,12.5,12.4,12.3,11.9,12.1,11.2,11.5,11.4,11.3,11,10.8,10.5,10.4,10.2,10.2,9.69,9.46,9.66,9.39,9.42,9.37,9.18,8.71,8.81,8.49,8.34,8.49,8.14,8.09,8.04
Nepal,,,,,,,,,,,,,,,,,,,,,,,,,,,,,,,,,,,,,,22.2,21.7,21.2,20.8,20.1,19.2,18.1,17.1,16.3,15.7,14.8,14.2,13.8,13.4,13.2,13.2,13,13.1,13,13,13.1,13.2,13.3,13.4,13.4,13.7,13.7,13.8,13.9,13.9
Nauru,,,,,,,,,,,,,,,,,,,,,,,,,,,,,,,,,,,,,,43,43.2,43.5,42.6,43.2,43.6,44.2,45,45.4,45.3,45.2,45.7,45,44.7,44.3,44.1,44.2,44.4,44.4,44.3,43.8,43.3,42.8,42.1,41.3,40.6,40.1,39.8,39.7,39.5
New Zealand,,,,,,,,,,,,,,,,,,,,,,,,,,,,,,,13.2,12.9,14.2,13.3,14.1,15.9,14.3,14.5,13.7,12.3,12,10.9,10.7,9.83,9.32,8.74,8.52,7.87,7.48,7.44,7.31,7.17,6.7,6.66,6.68,6.75,6.64,6.66,6.56,6.51,6.35,6.29,6.49,6.48,6.46,6.42,6.36
Oman,,,,,,,,,,,,,,,,,,,,,,,,,,,,,,,,,,,,,,7.73,7.65,7.7,7.68,7.82,7.92,7.97,7.93,7.85,7.8,7.87,7.89,7.91,7.96,7.91,8.02,8.19,8.32,8.39,8.53,8.34,8.05,7.68,7.15,6.85,6.63,6.41,6.25,6.05,5.94
Pakistan,,,,,,,,,,,,,,,,,,,,,,,,,,,,,,,,,,,,,,6.97,7.14,7.36,7.51,7.72,8,8.07,8.23,8.3,8.44,8.68,8.73,8.7,8.62,8.51,8.39,8.31,8.2,8.14,8.07,8.02,7.92,7.88,7.95,7.93,7.86,7.84,7.8,7.74,7.7
Panama,,,,,,,,,,,,,,,,,,,,,,,,,,,,,,,,,,,,,,36.9,35.8,37.1,35.9,34.8,34.8,34.5,35.7,35,31.4,28.8,27.7,26.4,26.4,25.7,24.6,24.1,23.3,23.3,23.7,23.6,23.9,23.6,23.6,23.6,23.2,23.1,23,22.8,22.5
Peru,,,,,,,,,,,,,,,,,,,,,,,,,,,,,,,,,,,,,,31.1,30.4,33.1,32.9,34.6,35.6,32.5,33.3,34,33.6,34.2,32.6,32.9,33.8,31.9,31.9,30.5,28.4,29.2,33.1,33.1,32.1,31,29.9,28.7,28,27.9,27.9,27.7,27.6
Philippines,,,,,,,,,,,,,,,,,,,,,,,,,,,,,,,,,,,,,,16.4,16.1,16.3,16.3,16.2,16.1,16.1,15.8,15.4,14.5,14.2,14.1,14,13.6,13.6,13.6,13.4,13.4,13.7,13.8,13.9,14,14.3,14.4,14.2,14.3,14.1,14.1,14,13.9
Palau,,,,,,,,,,,,,,,,,,,,,,,,,,,,,,,,,,,,,,77.7,77.2,76.5,76.1,75.7,75.3,74.8,74.2,73.6,73.2,71.5,70.1,68.2,66.3,66.9,67.6,67.6,67.8,68.2,68.6,68.8,68.9,68.7,68.4,67.8,67.2,66.8,66.7,66.7,66.6
Papua New Guinea,,,,,,,,,,,,,,,,,,,,,,,,,,,,,,,,,,,,,,22.2,22.3,22.3,22.1,21.9,21.8,22,22,22.1,22.3,22.3,22.4,22.7,22.9,23.1,23.4,23.5,23.6,23.5,23.3,23.8,24.1,23.9,23.6,23.5,23.6,23.4,23.4,23.6,23.5
Poland,,,,,,,,,,,,,,,,,,,,,,,,,,,,,,,,,,,,,,18,18.5,18,17.4,17.4,17.2,17,17.2,17.1,17.4,17,16.4,15.8,15.4,15.2,14.9,14.7,14.5,13.9,13.7,12.8,12.5,12.2,11.7,11.2,11,10.7,10.7,10.6,10.5
Puerto Rico,,,,,,,,,,,,,,,,,,,,,,,,,,,,,,,,,,,,,,11.2,11.1,10.8,11,10.6,11.1,10.8,10.4,11.1,10.5,10.5,10.3,10.2,10.6,10.5,9.98,10,10.2,10.7,11,10.8,11.4,10.5,11,10.9,10.4,10.9,11,10.9,10.9
North Korea,,,,,,,,,,,,,,,,,,,,,,,,,,,,,,,,,,,,,,19.8,19.7,19.5,19.4,19.3,19.2,19.2,18.9,18.6,18.3,18.3,18.5,18.6,18.6,18.6,18.7,19,19.2,19.4,19.6,19.6,19.6,19.5,19.3,19,18.8,18.6,18.5,18.5,18.5
Portugal,,,,,,,,,,,,,,,,,,,,,,,,,,,,,,,,,,,,,,15.8,16,15.8,16.4,15.3,15.5,15.6,16.1,15.7,15.6,15.7,15.9,15.3,15.2,14.4,14.5,13.9,13.8,13.7,13.6,12.9,12.3,11.5,10.9,10.6,10.4,10.3,10.4,10.4,10.4
Paraguay,,,,,,,,,,,,,,,,,,,,,,,,,,,,,,,,,,,,,,33.1,32.3,34.1,35,35.2,36.6,37.7,37,36.8,37.7,38.9,38.2,38.1,38.5,39.1,38.1,37.7,35.5,35,35,34.2,33.3,32.6,33.7,32.5,32.4,34.1,34.3,34.4,34.3
Palestine,,,,,,,,,,,,,,,,,,,,,,,,,,,,,,,,,,,,,,5.95,5.82,5.65,5.48,5.32,5.19,5.07,4.92,4.72,4.54,4.47,4.42,4.36,4.27,4.25,4.22,4.22,4.17,4.11,4.09,4.16,4.25,4.14,4.19,4.32,4.49,4.58,4.59,4.58,4.66
French Polynesia,,,,,,,,,,,,,,,,,,,,,,,,,,,,,,,,,,,,,,,,,,,,,,,,,,28,,,,,,,,,,,,,,,,,
Qatar,,,,,,,,,,,,,,,,,,,,,,,,,,,,,,,,,,,,,,9.47,9.46,9.49,9.51,9.17,8.92,9.28,9.41,9.41,9.42,9.34,9.49,9.7,9.65,9.56,9.66,10.5,10.9,10.9,10.7,10.3,9.99,9.69,9.55,9.42,9,8.88,8.72,8.54,8.34
Romania,,,,,,,,,,,,,,,,,,,,,,,,,,,,,,,,,,,,,,29.3,29.4,30.1,30.9,31.4,32.3,33.8,34.1,34,33.7,33.8,34.5,35.1,34.9,33.6,33.6,32.7,31.8,31.4,31.4,30.7,28.8,28.6,27.5,28.4,28.2,27.8,27.9,27.6,27.4
Russia,,,,,,,,,,,,,,,,,,,,,,,,,,,,,,,,,,,,,,12.1,12.1,12.5,14.1,14.9,14.3,13.4,12.8,12.7,13.7,14.2,14.6,15,15.7,15.7,16.6,15.8,15.3,15.8,15.8,16.4,16,16.1,16.4,17.1,17.3,16.9,16.4,15.9,15.7
Rwanda,,,,,,,,,,,,,,,,,,,,,,,,,,,,,,,,,,,,,,54,55.4,55.4,55.3,56.4,56.8,56.3,55,54,51.7,48.1,44.5,42.3,40.6,38.9,36.9,35.2,34.2,33.5,32.7,32.4,32.1,32.1,31.9,32,32,31.9,31.9,32.3,32.4
Saudi Arabia,,,,,,,,,,,,,,,,,,,,,,,,,,,,,,,,,,,,,,3.65,3.7,3.67,3.6,3.57,3.6,3.67,3.72,3.76,3.86,4.08,4.29,4.58,4.69,4.71,4.84,4.96,5.1,5.19,5.21,5.28,5.27,5.25,5.23,5.2,5.12,5.1,5.05,5.01,4.95
Serbia and Montenegro,,,,,,,,,,,,,,,,,,,,,,,,,,,,,,,,,,,,,,,,,,,,,,,,,,27.4,,,,,,,,,,,,,,,,,
Sudan,,,,,,,,,,,,,,,,,,,,,,,,,,,,,,,,,,,,,,6.63,6.51,6.46,6.38,6.33,6.28,6.23,6.16,6.07,5.97,5.92,5.9,5.86,5.8,5.75,5.72,5.69,5.65,5.61,5.59,5.58,5.59,5.59,5.57,5.53,5.47,5.46,5.46,5.48,5.49
Senegal,,,,,,,,,,,,,,,,,,,,,,,,,,,,,,,,,,,,,,31.6,31.5,30.9,30.2,30,28.9,27.9,27.1,27.1,27.1,25.9,31.2,31.2,29.7,30.4,30.3,29.6,29.7,29.9,30.7,28.4,28.8,28.5,29,29.9,29.8,30.5,30.2,29.7,29.9
Singapore,,,,,,,,,,,,,,,,,,,,,,,,,,,,,,,,,,,,,,19.1,17.7,17.6,17.6,17.2,17,16.3,16.3,15,14.5,13.3,12.8,12.1,11.3,11.5,10.4,10.3,9.67,9.62,8.98,8.95,8.88,9.18,8.49,8.36,8.26,8.05,7.68,7.67,7.7
Solomon Islands,,,,,,,,,,,,,,,,,,,,,,,,,,,,,,,,,,,,,,55.5,55.7,55.5,55.3,55.1,55,55.2,55.6,56,56.1,56.7,57,56.5,56.3,56,56,56.5,56.3,54,55.6,55.4,57.2,57.8,58.1,58.7,58.6,58,57.3,56.7,57
Sierra Leone,,,,,,,,,,,,,,,,,,,,,,,,,,,,,,,,,,,,,,27.6,27.3,27.1,26.7,26.6,26.8,27.1,27.8,28.1,28.6,29,29.9,31,32.1,33.3,34.2,34.4,34.9,34.1,34.1,34.5,34.5,34.6,34.5,34.5,34,33.9,34.1,34.2,34
El Salvador,,,,,,,,,,,,,,,,,,,,,,,,,,,,,,,,,,,,,,27.4,27.4,29.4,31.1,33.7,32,34.9,37.5,39.3,39.3,38.5,39.1,37,35.7,35.6,35.2,34.4,33.5,31.6,32.7,30.7,31,28.3,29,29.3,29.3,29.1,29.1,29.3,29.3
San Marino,,,,,,,,,,,,,,,,,,,,,,,,,,,,,,,,,,,,,,5.51,5.46,5.44,5.38,5.33,5.23,5.12,5.08,5.08,5.08,5.09,5.21,5.36,5.65,5.92,6.11,6.19,6.26,6.33,6.41,6.49,6.55,6.64,6.72,6.79,6.83,6.84,6.84,6.8,6.75
Somalia,,,,,,,,,,,,,,,,,,,,,,,,,,,,,,,,,,,,,,47.7,46.6,45.6,44.4,43.7,43.5,43.6,43.9,44.3,44.3,44,43.7,43.9,44.2,44.3,43.9,43.1,43.3,43.3,43.3,43.1,42.9,42.7,42.7,42.8,42.9,42.8,42.7,42.5,42.2
Serbia,,,,,,,,,,,,,,,,,,,,,,,,,,,,,,,,,,,,,,25.6,25.7,26.2,26.9,27.8,28.9,30.1,31.6,27.8,28.5,28.3,27.9,27.1,27,26.5,27,25.9,24.7,25.1,24.9,24.1,23.5,23.6,22.8,23,23.3,22.8,22.5,22.4,22.3
South Sudan,,,,,,,,,,,,,,,,,,,,,,,,,,,,,,,,,,,,,,31.9,31.4,31,30.4,30,29.9,29.5,28.1,28,27.7,27.5,26.5,26,26.5,26.8,26.6,26.8,26.7,26.4,26.2,26.1,26,26,25.9,25.7,25.5,25.4,25.4,25.6,25.6
Sao Tome and Principe,,,,,,,,,,,,,,,,,,,,,,,,,,,,,,,,,,,,,,40.5,41.5,42.5,43.8,44.6,45.3,46.9,48.4,50,50.7,50.5,50.6,50.6,48.7,49.3,44.8,46.5,46.8,44.5,44.5,45.8,43.8,43,43.7,45.5,45.1,44.8,44.6,44.4,44
Suriname,,,,,,,,,,,,,,,,,,,,,,,,,,,,,,,,,,,,,,34.4,35.1,36.4,37.9,36.5,32.7,30.9,30.3,31.4,33.8,33.4,33.2,33.6,33.3,32.4,31.1,31,30.7,30.6,30.1,29.6,29.1,28.9,29.6,30.5,31.8,32.4,32.7,32.8,32.6
Slovak Republic,,,,,,,,,,,,,,,,19.3,16.9,17.9,15.4,15.9,14.1,15.9,14,14.7,15.3,16,17.2,16.1,17,16.2,16.7,19.1,17.4,17.9,20.2,20,17.8,18.8,19.1,18.4,18.5,18.1,18.2,17.4,18.6,17.9,17.5,16.3,16.6,15.9,16,16.2,16.6,16.6,17.7,17.2,18.1,17.4,17.9,17.9,18,17.6,18,17.6,17.5,17.1,16.7
Slovenia,,,,,,,,,,,24.7,26.7,21.4,19.6,24.2,19.4,17,14.5,20.4,20.6,17.5,18.4,19.5,17.2,17,15.6,14.4,17,16.6,15.7,16.1,17.4,19.2,15.6,15.8,16.5,17.2,16.9,16.6,16,15.8,15.9,15.9,15.9,15.7,15.5,15.4,14.9,14.6,13.9,13.7,13.9,12.7,11.5,11.5,11.1,11.3,11.1,11,11.1,10.6,10.1,10.5,10.2,10.1,10.1,10
Sweden,,,,,,18.3,18.1,16.5,16.7,17.8,15.7,17.5,20,19,18.9,18,16.9,15.1,15,14.3,12.6,11.9,11.8,11.6,11.3,11.7,10.2,9.8,11.4,11.2,10.4,10.5,10.1,9.69,9.83,9.66,9.83,9.8,9.54,9.28,9.11,8.73,8.67,8.66,8.63,8.69,8.83,8.68,8.42,8.42,8.36,8.68,8.12,7.98,7.83,7.74,7.61,7.18,7.25,7.26,7.34,7.28,7.16,7.16,7.13,7.1,6.93
Eswatini,,,,,,,,,,,,,,,,,,,,,,,,,,,,,,,,,,,,,,34.3,34.5,34,33.2,33,34,34,33.5,34.7,37.2,42.3,45.4,49.5,50.9,52.7,54.4,53.7,53,51.8,51,49.1,47.1,46.2,45.4,44.6,43.6,42.6,41.8,41.3,41
Seychelles,,,,,,,,,,,,,,,,,,,,,,,,,,,,,,,,,,,,,,40.8,39.9,39.1,38.2,37.2,36.3,36.6,36.9,37,36.4,36.2,36.3,36.4,36.5,36,36,36.1,36,35.4,34.6,34.4,34.3,34.1,34,34.2,34,33.8,33.6,33.6,33.5
Syria,,,,,,,,,,,,,,,,,,,,,,,,,,,,,,,,,,,,,,3.87,3.89,4.03,3.78,3.74,3.74,3.73,3.72,3.81,3.74,3.65,3.39,3.33,3.18,3.21,3.18,3.16,3.1,3.14,3.17,3.3,3.3,3.29,3.28,3.27,3.25,3.26,3.26,3.26,3.25
Chad,,,,,,,,,,,,,,,,,,,,,,,,,,,,,,,,,,,,,,33.5,32.8,33.2,33.7,33.2,33.2,33.9,34.1,34.5,34.7,34.8,35.3,35.8,36.6,36.6,36.5,36.4,36.7,36.8,36.7,36.9,36.9,36.9,36.6,36.3,35.9,35.8,35.7,35.7,35.5
Togo,,,,,,,,,,,,,,,,,,,,,,,,,,,,,,,,,,,,,,35.8,35.6,34.9,34.3,33.7,33.2,32.8,32.8,32.5,31.9,31.7,31.6,31.7,31.9,31.5,31.4,31.1,31.3,31.6,31.9,31.8,31.7,31.4,30.9,30.9,30.6,31,31.3,31.1,30.9
Thailand,,,,,,,,,,,,,,,,,,,,,,,,,,,,,,,,,,,,,,27.6,27.9,27.5,27.4,27.5,27.9,29.2,28,28.3,29.9,29.4,27.1,27.3,26.8,24.6,22.7,21.8,21,20.2,19.3,19,18.3,17.7,16.8,16.5,16,16,16,16.2,16.3
Tajikistan,,,,,,,,,,,,,,,,,,,,,,,,,,,,,,,,,,,,,,13,12.9,13,12.8,13.1,12,10.6,9.83,9.29,8.76,8.32,7.99,7.53,7.44,7.52,7.74,7.71,7.82,7.86,7.89,8.01,8.11,8.04,7.83,7.76,7.69,7.71,7.77,7.7,7.65
Tokelau,,,,,,,,,,,,,,,,,,,,,,,,,,,,,,,,,,,,,,40.5,40.3,40,39.7,39.3,39,38.6,38.2,37.7,37.3,36.9,36.7,36.3,35.9,35.4,35.1,35.1,35.1,35.1,35.1,35,34.9,34.7,34.4,34.1,33.8,33.6,33.6,33.6,33.6
Turkmenistan,,,,,,,,,,,,,,,,,,,,,,,,,,,,,,,,,,,,,,14.8,13.7,13.4,13.6,14.2,13.9,14.3,14.1,12.8,12.1,11.5,11.5,12.3,12.4,13.6,14.7,15.6,15.7,16,15.7,15.8,16.9,17.7,17.9,18,17.5,16.9,16.4,16,15.6
Timor-Leste,,,,,,,,,,,,,,,,,,,,,,,,,,,,,,,,,,,,,,18.5,18,18.1,18.1,17.8,17.4,17,16.4,16.5,16.2,15.9,15.6,15.1,15,14.3,14.1,13.5,13.4,13,13.3,13.3,14.1,14.6,14.9,15.2,15.2,15.3,15.4,15.5,15.5
Tonga,,,,,,,,,,,,,,,,,,,,,,,,,,,,,,,,,,,,,,37.3,37.1,36.7,36.7,36.5,36.3,36.2,36.1,36.4,36.2,35.6,34.5,33.3,32.3,31.3,30.9,30.6,30.9,31,31.2,31.4,31.7,31.9,31.8,31.6,31.4,31.4,31.4,31.4,31.4
Trinidad and Tobago,,,,,,,,,,,,,,,,,,,,,,,,,,,,,,,,,,,,,,30.2,29.8,29.8,31.7,31.4,32.1,31.6,31.3,31.9,31.5,29.3,27.9,26.2,27,26.8,25.7,25.3,25.8,26,25.1,24.9,23.7,23,22.9,22.8,22.6,22.5,22.4,22.4,22.3
Tunisia,,,,,,,,,,,,,,,,,,,,,,,,,,,,,,,,,,,,,,6.43,6.48,6.48,6.41,6.24,6.49,6.44,6.43,6.44,6.4,6.38,6.31,6.25,6.17,6.08,6.07,6.05,6.02,5.99,5.96,5.94,5.92,5.9,5.88,5.87,5.85,5.82,5.79,5.76,5.72
Turkey,,,,,,,,,,,,,,,,,,,,,,,,,,,,,,,,,,,,,,6.91,6.87,6.73,6.6,6.48,6.34,6.1,5.9,5.75,5.61,5.22,4.98,4.79,4.68,4.58,4.58,4.58,4.62,4.73,4.93,4.98,4.93,4.86,4.85,4.84,4.77,4.77,4.77,4.71,4.67
Tuvalu,,,,,,,,,,,,,,,,,,,,,,,,,,,,,,,,,,,,,,40.8,40.3,39.9,39.7,38.8,38.8,38.4,38.1,37.1,36.7,36.5,36,35.3,34.8,34.3,34,34,34,34,34,34,33.8,33.6,33.3,33,32.8,32.6,32.5,32.4,32.3
Taiwan,,,,,,,,,,,,,,,,,,,,,,,,,,,,,,,,,,,,,,28.8,28.9,29.2,29.8,29.6,30,30.3,29.1,28.3,26.6,25.2,23.2,19.9,20.1,19.3,18.5,17.1,16.5,15.9,15.2,14.8,14.5,14.2,13.5,13.3,12.7,12.7,12.9,13,13.1
Tanzania,,,,,,,,,,,,,,,,,,,,,,,,,,,,,,,,,,,,,,39.5,39,38.5,38.2,37.9,37.6,37,36.8,37,36.1,34.9,33.7,33.3,33.8,34.1,34.2,34.3,34.5,34.6,34.6,34.6,34.9,35.3,35.6,35.4,35.1,35,35.1,35.2,35.2
Uganda,,,,,,,,,,,,,,,,,,,,,,,,,,,,,,,,,,,,,,33.4,34.8,34.7,35.9,37.6,38.7,39.2,39.5,40.5,40.9,42.1,42.2,41.5,40.9,40.6,40.6,40,38.7,37.4,37.1,37,37.2,37.8,38.9,39.1,38.6,38.4,37.8,38.1,37.9
Ukraine,,,,,,,,,,,,,,,,,,,,,,,,,,,,,,,,,,,,,,19.7,20,20.2,20.4,20.5,20.9,19.8,18.8,17.6,17.5,17.2,16.4,16.2,15.8,15.7,15.3,14.5,14.9,15.1,13.8,13,12.3,12.1,11.4,11,12.2,11.7,11.7,11.8,11.9
Uruguay,,,,,,,,,,,,,,,,,,,,,,,,,,,,,,,,,,,,,,23.8,24.5,23.4,24.1,24.5,24.9,24.7,25.4,26.3,25.7,25.8,25.5,25.3,25.1,24,24,22.6,23.8,23.3,22.3,22,22.6,22.6,22.7,22.6,23,22.3,22.2,22,21.8
United States,,,,,,,,,,,,,,,,,,,,,,,,,,,,,,,,,,,,,,10.3,10.3,10.2,10.4,10.3,10.3,10.2,10,9.78,9.68,9.55,9.48,9.31,9.14,8.84,8.79,8.75,8.63,8.62,8.7,8.59,8.71,8.73,8.78,8.87,8.95,9.05,8.92,8.83,8.67
Uzbekistan,,,,,,,,,,,,,,,,,,,,,,,,,,,,,,,,,,,,,,15.3,15.5,16.1,17,18.1,18.6,19.1,18.6,18.5,18.4,18.6,18.7,18.8,18.9,18.4,18.7,18.6,18.5,18.1,17.7,17.6,17.9,18,18,17.9,18.3,18.2,17.9,17.6,17.3
St. Vincent and the Grenadines,,,,,,,,,,,,,,,,,,,,,,,,,,,,,,,,,,,,,,50.5,51.6,52.4,52.6,52.6,52.4,52.6,50.3,49.7,50.5,48.6,46.8,45.8,44.8,43.1,42.3,42.1,41.5,42.1,41.8,41.1,40.5,41.3,42.1,41.7,41.6,41.6,41.4,41.2,41
Venezuela,,,,,,,,,,,,,,,,,,,,,,,,,,,,,,,,,,,,,,34.1,34.7,35.3,34.6,35.9,36.1,36.5,35.8,35.2,35.2,33.3,33.9,34.9,33.9,32.1,32,31.7,31.1,31.4,30.8,30.8,30.9,30.5,30.6,34,34.3,34.1,34,34.1,34.4
Virgin Islands (U.S.),,,,,,,,,,,,,,,,,,,,,,,,,,,,,,,,,,,,,,21.5,21,20.6,20.4,20.4,20.3,20.2,20.1,20,20,19.9,19.8,19.4,19.3,19.1,18.8,18.5,18.2,17.7,17.4,17.1,16.9,16.8,16.5,16.2,15.8,15.5,15.5,15.5,15.5
Vietnam,,,,,,,,,,,,,,,,,,,,,,,,,,,,,,,,,,,,,,17.6,17.3,16.9,17.4,17.8,18.1,19.7,19.1,18.7,18.4,18,18,18,18.1,18.2,18.4,18.4,18.4,18.4,18.5,18.5,18.3,18.2,18.1,18.1,18,17.9,17.9,17.8,17.8
Vanuatu,,,,,,,,,,,,,,,,,,,,,,,,,,,,,,,,,,,,,,27.1,28.6,29.9,30.5,31.9,31.2,31.6,31.5,31.4,31.4,30,30,27.5,25.9,25.7,26.7,27.1,27.9,28.3,28.3,28.3,28.8,28.9,28.9,28.8,28.7,28.6,28.6,28.7,28.7
Samoa,,,,,,,,,,,,,,,,,,,,,,,,,,,,,,,,,,,,,,26.1,26.4,26.6,26.5,26.5,26.6,26.5,26.4,26.4,26.4,26.1,25.8,25.4,25.3,25.1,25,25.1,25.4,25.7,26,26.1,26.4,26.2,25.7,25.4,25.5,25.6,25.6,25.7,25.7
Yemen,,,,,,,,,,,,,,,,,,,,,,,,,,,,,,,,,,,,,,6.92,6.82,6.75,6.67,6.61,6.59,6.54,6.46,6.35,6.35,6.36,6.37,6.43,6.4,6.37,6.38,6.4,6.39,6.44,6.33,6.17,6.2,6.18,6.18,6.12,6.15,6.19,6.25,6.35,6.39
South Africa,,,,,,,,,,,,,,,,,,,,,,,,,,,,,,,,,,,,,,31.8,31,34.1,30.4,32.3,29,29.1,33.9,33.6,33,35.1,33.3,33.7,34.6,34.7,34.4,35.3,34,34.2,34,33.5,32,32.1,32.5,33.5,33,31.8,30.5,29.5,29.2
Zambia,,,,,,,,,,,,,,,,,,,,,,,,,,,,,,,,,,,,,,52.2,53.9,55,55.4,56.7,57.8,58.3,58.1,57.5,56.5,54.8,53.2,51.7,50.8,49.9,49.2,49.2,48.1,47.1,46.5,46.9,46.9,46.2,45.6,45,44.4,44.1,44.1,43.7,43.4
Zimbabwe,,,,,,,,,,,,,,,,,,,,,,,,,,,,,,,,,,,,,,45.3,45,45.3,44.1,43.6,42.2,39.9,38.6,41.3,44.6,49,49.5,50.7,50.8,51,51,52.6,53.5,57,58.6,57.3,54.5,53.2,52.4,52.7,52.3,51.6,50.6,49.6,49
