country,1990,1991,1992,1993,1994,1995,1996,1997,1998,1999,2000,2001,2002,2003,2004,2005,2006,2007,2008,2009,2010,2011,2012,2013,2014,2015,2016,2017,2018,2019
Afghanistan,1250,1270,1290,1330,1360,1390,1410,1440,1460,1480,1510,1560,1560,1570,1590,1590,1590,1590,1590,1590,1590,1600,1610,1630,1650,1670,1710,1770,1810,1850
Angola,367,372,378,388,397,400,394,396,406,413,414,410,398,399,414,411,423,429,438,453,466,482,501,510,510,522,532,550,568,587
Albania,217,227,220,210,197,210,226,238,248,247,250,240,253,273,282,276,262,254,264,267,273,284,291,298,313,327,332,336,340,343
Andorra,5.01,5.33,5.71,6.11,6.26,6.38,6.55,6.81,7.11,7.33,7.53,7.7,7.91,8.25,8.53,8.63,8.82,9.01,9.23,9.41,9.58,8.95,8.72,8.81,8.92,9.01,9.23,9.51,9.8,10.1
United Arab Emirates,32,34.4,37,39.8,43.2,46.1,48.5,50.6,52.2,54.4,58.6,60.7,62.8,63.9,66.3,69.6,72.5,71.3,75.6,82.6,90.3,99.7,110,122,134,147,162,178,196,214
Argentina,2950,2920,3000,2940,2920,2940,3020,3060,3090,3150,3050,3080,3190,3200,3110,3100,3080,3180,3090,3060,3050,3070,3110,3130,3090,3140,3300,3370,3360,3400
Armenia,405,421,451,459,432,412,408,383,368,371,363,373,380,385,376,378,377,374,373,365,359,356,341,328,333,342,345,343,343,344
American Samoa,3,3.1,3.18,3.23,3.32,3.39,3.46,3.5,3.73,3.85,3.84,3.9,3.68,3.6,3.5,3.55,3.62,3.7,3.77,3.82,3.88,3.95,3.99,4.08,4.14,4.24,4.26,4.3,4.36,4.42
Antigua and Barbuda,6.13,5.96,5.92,6.1,6.06,6.04,5.32,5.19,5.19,5.18,5.31,5.16,5.13,5.12,5.16,5.23,5.47,6.65,6.72,5.95,6,6.04,6.03,6.01,6.23,6.35,6.42,6.53,6.7,6.9
Australia,1250,1240,1280,1290,1340,1330,1350,1360,1390,1400,1410,1410,1450,1500,1480,1470,1460,1510,1560,1560,1600,1600,1590,1620,1680,1760,1740,1770,1830,1870
Austria,1350,1370,1340,1340,1300,1290,1260,1210,1170,1110,1090,1040,1020,1000,982,951,903,901,876,917,903,886,896,899,892,911,880,887,888,901
Azerbaijan,1010,1040,1090,1100,1110,1080,1060,1020,992,965,934,895,893,906,917,953,970,972,1010,1030,1050,1090,1110,1130,1140,1160,1190,1240,1230,1260
Burundi,191,192,193,197,198,200,200,198,197,192,190,184,183,183,186,189,189,190,191,193,199,203,209,213,217,221,226,233,244,253
Belgium,1130,1110,1070,1070,1040,1020,979,964,945,950,943,935,950,940,930,943,918,937,990,976,972,981,1010,992,982,992,976,990,997,1010
Benin,192,194,193,193,195,196,198,197,198,197,200,204,211,215,220,224,229,234,243,252,261,271,278,286,292,296,302,311,315,323
Burkina Faso,417,413,413,416,417,419,412,410,409,400,402,398,401,410,423,437,445,455,465,477,502,520,543,570,589,608,630,654,674,683
Bangladesh,3480,3180,3160,3150,3140,3200,3190,3150,3120,3100,3210,3230,3310,3430,3500,3620,3800,3920,3950,3980,4010,3820,3680,3720,3880,3900,4060,4360,4510,4650
Bulgaria,1470,1350,1280,1160,1100,1040,1010,1010,999,951,972,988,1010,1050,1120,1180,1200,1190,1170,1150,1130,1100,1080,1070,1090,1070,1060,1050,1030,1020
Bahrain,13.1,13.4,13.4,13.2,13.4,13.9,14.2,14.4,14.7,14.7,13.3,12.4,14.1,15.8,16,16.6,17,17.8,19,19.9,20.6,20.5,20.6,20.6,21.6,22.8,24.3,26.5,29.2,32.2
Bahamas,13.1,13,12.9,13.2,13.6,13.8,14.1,13.7,14.1,14.5,14,14.6,14.3,14.3,14.8,14.6,15.3,15.3,15.8,16.2,16.6,16.8,16.9,16.8,17.7,18.5,19.1,19.6,20.4,21.1
Bosnia and Herzegovina,350,396,390,397,396,393,384,371,352,348,362,367,377,384,380,415,403,431,403,402,393,393,388,394,395,402,399,396,398,398
Belarus,2610,2690,2740,2930,2830,2810,2740,2690,2670,2620,2340,2370,2320,2150,2050,2050,1910,1740,1740,1710,1760,1740,1530,1480,1470,1480,1490,1530,1510,1540
Belize,6.56,6.49,6.63,6.65,6.96,7.54,8.36,9.76,11.3,12.4,12.6,11.9,11.2,10.9,11.1,11.1,11.3,11.3,11.3,11.6,12.2,12.4,12.6,13.1,13.8,14.8,15.3,16,17,17.8
Bermuda,5.68,5.47,5.09,5.06,4.95,4.67,4.8,4.66,4.7,4.74,4.82,4.67,4.74,4.83,4.88,4.97,5.1,5.12,5.21,5.24,5.36,5.43,5.54,5.65,5.79,5.87,5.89,6.02,6.15,6.25
Bolivia,734,745,751,763,767,791,805,846,877,906,930,944,957,976,984,995,1020,1040,1070,1100,1130,1160,1200,1230,1260,1300,1350,1390,1440,1490
Brazil,10.6k,10.5k,10.6k,11k,11.1k,11.2k,11.5k,11.6k,11.9k,12.2k,12.4k,12.6k,12.8k,13.1k,13.3k,13.2k,13.2k,13.3k,13.5k,13.6k,13.8k,13.9k,14k,14.1k,14.2k,14.4k,14.9k,14.8k,15.1k,15.5k
Barbados,28.8,28.1,28.4,28.8,29.3,29,29.3,29.4,28.1,25.9,25.6,23.9,25.2,25.9,26.3,25.5,25.7,24.8,24.4,22.8,22.9,22.6,23.1,23.7,24.5,25,25.7,26.6,28.1,30.6
Brunei,21.3,21.1,21.3,21.3,20.3,19.9,19.4,19.2,19.1,18.9,18.4,17.8,18.1,18.8,19.1,19.7,19.8,19.4,19.3,19.8,20.6,20.8,20.9,21.8,22.5,23.1,24.2,25.7,27.1,28.4
Bhutan,12.5,12.6,12.7,12.9,13,13.2,13.2,13.5,13.9,14,14.6,14.9,15.2,15.8,16.2,16.7,17.2,17.9,18.6,19.3,19.9,20.2,20.6,20.9,21.3,21.7,22.1,22.5,23,23.4
Botswana,38.6,41,44.1,47.6,52.2,57.2,62.4,66.7,70,72.2,73.7,74.3,73.9,71.9,69,65.8,64.8,61.7,60.6,60.3,60.8,61.3,61.6,62.1,62.7,63.8,64.7,66.5,68.5,70.3
Central African Republic,134,137,137,138,140,141,144,144,146,147,145,145,146,147,148,150,151,153,154,156,161,164,165,168,169,171,174,176,179,182
Canada,2200,2190,2210,2280,2270,2320,2330,2370,2400,2450,2440,2470,2490,2580,2600,2660,2720,2890,2970,3000,2960,2960,3090,3130,3210,3240,3340,3410,3580,3650
Switzerland,895,889,849,802,793,765,710,703,698,660,667,642,634,635,619,613,602,606,607,637,636,642,654,686,688,692,691,697,702,708
Chile,2160,2060,2000,2120,2200,2320,2370,2360,2380,2430,2420,2540,2530,2600,2630,2590,2590,2610,2630,2820,2870,2830,2850,2910,2920,2960,2930,3010,3090,3160
China,208k,211k,212k,214k,214k,218k,221k,226k,235k,247k,267k,287k,310k,336k,366k,376k,371k,375k,383k,393k,403k,406k,410k,408k,411k,413k,417k,426k,437k,451k
Cote d'Ivoire,464,489,519,550,581,610,624,628,634,638,650,660,672,684,698,703,709,711,715,727,744,757,774,798,810,817,809,815,837,841
Cameroon,395,408,422,439,450,462,476,491,507,518,538,555,576,598,621,648,672,686,705,722,740,762,783,804,817,824,832,845,864,878
"Congo, Dem. Rep.",1060,1080,1090,1100,1120,1150,1190,1190,1200,1210,1220,1220,1200,1240,1230,1230,1240,1260,1300,1330,1360,1400,1440,1460,1480,1490,1510,1550,1600,1650
"Congo, Rep.",96.9,96.3,97,97.3,99.8,101,102,103,99.5,97.9,93.7,89.7,86.5,87.3,86.8,85.8,86.4,88.2,90,91.6,92.1,93.9,97.7,101,103,106,109,113,118,123
Cook Is,0.98,0.99,1,1,0.99,1,1,1.01,1.02,1.03,1.05,1.04,1.04,1.03,1.01,1.02,1.02,1.04,1.03,1.04,1.08,1.11,1.14,1.15,1.17,1.2,1.22,1.23,1.24,1.25
Colombia,2870,3100,3160,3150,3190,3210,3340,3230,3200,3360,3420,3480,4180,3780,3820,3640,3770,3700,3770,4090,4090,3970,4020,4060,3930,4100,4200,4290,4380,4470
Comoros,12.3,12.4,13,13.2,13.7,14,14.3,14.5,14.2,13.9,14.2,14,14,13.6,13.1,13.5,13,14,14.4,14,13.9,14.3,14.7,15,16.1,16.4,16.7,17,17,17.3
Cape Verde,37,37.3,37.2,38,38,37.5,38.5,40,38.9,38.6,38.5,38.6,38.9,39.1,39.5,39.9,35.4,34.2,35,35.7,36.2,37.4,38.7,39.7,40.4,41.4,43.2,46.3,65.4,65.8
Costa Rica,444,452,473,465,489,516,494,505,502,528,508,514,502,515,533,489,529,482,503,500,580,551,551,561,574,610,644,667,706,723
Cuba,514,510,515,520,525,513,503,508,525,545,549,560,548,571,596,632,618,626,637,655,677,636,669,677,699,730,741,782,791,773
Cyprus,38.1,40.4,41.5,42.3,42.4,42.6,42.7,43.8,44.7,45.2,46.4,47.7,50.1,52.5,57.7,63.2,67.9,73.9,77.4,81.5,81,79,80.4,84.8,88.6,93,93.7,94.5,97.5,101
Czech Republic,1460,1360,1340,1270,1280,1270,1250,1230,1180,1170,1170,1160,1130,1150,1110,1080,1050,1050,1060,1050,1060,1020,999,984,953,953,942,954,983,988
Germany,11.2k,11.1k,10.9k,11k,11.1k,11k,11k,10.9k,11k,11.2k,11.5k,11.5k,11.6k,11.8k,11.6k,11.6k,11.5k,11.5k,11.5k,11.4k,11.1k,10.6k,10.4k,10.4k,10.1k,10.5k,10.4k,10.6k,10.8k,11k
Djibouti,8.47,8.86,9.37,10.1,10.4,11.3,11.9,12.4,13.3,13.9,14.4,14.9,15.6,15.9,17,17.7,18.1,19,19.8,20.4,21.3,22.2,23,23.7,24.1,24.9,25.7,27,28.3,29.5
Dominica,10.7,10.5,10.5,10.4,10.3,10.3,10.2,10,9.85,9.77,9.67,9.51,9.48,9.44,9.38,9.12,9.09,9.08,9.05,9.06,9.23,9.41,9.68,9.76,9.86,9.95,9.95,10.1,10.2,10.4
Denmark,526,500,487,481,469,444,434,406,387,399,375,382,398,409,411,403,424,439,436,452,461,437,429,432,431,428,442,450,455,460
Dominican Republic,164,163,163,170,179,192,209,229,248,266,264,264,276,295,321,336,354,363,367,370,373,384,420,459,481,503,518,518,518,520
Algeria,597,608,609,611,612,613,610,607,603,606,607,610,616,627,642,656,668,683,699,718,734,752,773,791,813,840,869,903,932,966
Ecuador,867,974,961,965,990,994,1070,1050,1120,1170,1170,1230,1320,1370,1460,1550,1600,1640,1670,1650,1670,1700,1710,1720,1710,1690,1750,1810,1870,1900
Egypt,906,910,900,940,983,985,989,1020,1030,1050,1050,1120,1180,1250,1260,1250,1270,1280,1320,1370,1410,1470,1510,1510,1560,1670,1730,1750,1810,1860
Eritrea,78.6,78.2,81.2,85.5,91.7,101,103,104,104,106,108,110,116,120,123,125,127,129,132,134,135,137,139,140,142,144,147,150,154,159
Spain,6240,6260,6180,6150,6120,6140,6130,5990,6030,6160,5880,5800,5730,5810,5740,5780,5750,5950,6100,6190,6290,6340,6450,6390,6470,6660,6600,6650,6610,6590
Estonia,316,318,309,326,334,308,258,257,272,250,240,249,243,235,237,229,236,248,228,229,217,221,220,205,216,205,203,199,197,194
Ethiopia,1700,1700,1710,1710,1690,1680,1640,1620,1600,1570,1520,1460,1420,1400,1380,1360,1340,1310,1290,1280,1270,1270,1280,1260,1250,1250,1270,1300,1330,1360
Finland,602,581,571,559,530,528,516,505,497,483,472,462,456,464,465,464,455,458,456,455,458,451,440,447,447,447,466,478,481,486
Fiji,17.2,17.3,17.4,17.3,17.3,17.3,17.4,17.3,16.5,17.7,18.2,18,17.3,17.9,17.6,19.2,20.8,22.1,23.2,22.3,23.5,24.5,25.2,25.7,26.2,26.6,27.1,27.6,27.9,28.2
France,5680,5640,5600,5620,5550,5520,5500,5400,5510,5470,5390,5450,5540,5650,5450,5570,5520,5540,5570,5710,5720,5730,5750,5780,5710,5960,5800,5900,5910,5990
"Micronesia, Fed. Sts.",6.34,6.43,6.49,6.48,6.47,6.42,6.4,6.37,6.33,6.3,6.25,6.25,6.26,6.26,6.29,6.3,6.35,6.41,6.49,6.58,6.64,6.72,6.8,6.91,7.03,7.13,7.28,7.42,7.56,7.7
Gabon,44.5,44.5,44.9,44.8,45.3,46.7,46.8,46.2,45.6,44.6,44.8,44.9,44.3,44.7,44.8,44.8,45.5,46.6,47.8,48.1,47.6,48.1,48.6,48.8,49,49.6,50.6,51.8,52.7,53.6
United Kingdom,7630,7490,7310,7340,7050,7020,6870,6660,6620,6570,6250,6150,6160,6070,5840,5690,5690,5630,5680,5600,5550,5420,5370,5510,5460,5600,5680,5750,5980,6070
Georgia,728,709,673,607,575,513,484,487,497,488,488,471,505,518,532,515,510,514,538,550,561,567,561,535,528,524,531,525,518,510
Ghana,317,325,334,344,354,364,375,395,412,434,458,437,417,393,374,360,348,334,350,362,375,389,402,410,419,429,440,451,454,460
Guinea,283,290,300,311,325,338,350,362,379,393,400,408,419,425,433,441,453,461,469,482,493,499,507,512,519,521,519,516,516,509
Gambia,13,13.4,14,14,14.4,15.7,15.2,15.5,16.5,17.7,17.3,17.4,18.1,18.9,20.5,21.3,21.5,21.9,21.8,22.6,22.9,22,22.7,23.5,25.1,25,26.3,27.9,28.3,28.9
Guinea-Bissau,66.9,65.5,64.2,63,61.6,60.3,59,57.5,56.4,55.2,54.4,55.1,56.1,57.2,59.3,60.2,61.3,62.3,63.4,64.5,65.5,66.6,67.5,68.6,69.6,70.5,71.4,72.2,72.7,73.5
Equatorial Guinea,18,17.8,17.5,17.2,16.9,16.8,16.4,15.1,14.2,13.4,12.6,11.8,10.9,10.7,10.5,10.4,10.6,10.6,10.6,10.8,10.9,11.6,12.1,12.3,12.6,13,13.7,14.4,15.1,15.6
Greece,1510,1560,1600,1590,1590,1610,1630,1620,1650,1690,1700,1720,1660,1690,1690,1670,1620,1690,1630,1650,1580,1610,1630,1550,1520,1540,1530,1540,1560,1570
Grenada,6.41,6.09,5.91,5.54,5.33,5.16,5.06,4.94,4.95,5.51,5.62,5.71,5.79,5.83,5.87,5.74,5.67,5.6,5.61,5.56,5.62,5.66,5.4,5.5,5.66,5.77,6.02,5.87,6.06,6.15
Greenland,4.58,4.59,4.6,4.64,4.71,4.82,4.92,4.91,4.94,4.88,4.83,4.87,4.84,4.82,4.82,4.79,4.87,4.91,5,5.16,5.25,5.3,5.37,5.46,5.46,5.47,5.54,5.59,5.64,5.7
Guatemala,463,512,559,611,663,656,676,760,844,905,1030,1140,1160,1210,1250,1270,1280,1260,1260,1280,1290,1280,1270,1260,1240,1260,1270,1260,1300,1340
Guam,3.89,4.07,4.23,4.38,4.56,4.56,4.45,4.56,4.84,5.06,5.29,5.57,5.33,4.98,4.9,5.08,5.26,5.42,5.57,5.75,5.92,5.94,6.12,6.4,6.64,6.8,6.82,6.95,7.1,7.26
Guyana,31.9,29.3,28,28.3,27.4,28.3,29.2,29,29.4,28.8,31.1,29.6,29.3,28.6,28.6,28.4,28.1,27.7,28,27.1,28.1,28.3,28.6,28.6,29.2,29.2,29.5,29.9,30.3,30.6
Honduras,149,154,159,165,171,177,182,187,192,198,205,213,220,228,238,244,252,261,274,290,311,342,390,400,409,417,427,437,448,462
Croatia,921,880,867,865,843,839,840,855,821,798,729,708,717,758,727,748,716,726,738,702,681,672,676,640,643,664,631,637,633,636
Haiti,420,413,414,414,407,408,399,398,389,389,391,394,395,401,408,413,422,433,443,451,452,458,472,485,497,509,521,533,546,557
Hungary,1770,1720,1770,1730,1680,1630,1540,1510,1550,1550,1460,1420,1410,1400,1360,1370,1340,1330,1280,1270,1220,1180,1160,1100,1100,1120,1100,1090,1110,1060
Indonesia,4420,4530,4650,4690,4720,4740,4780,4840,4920,5010,5130,5230,5380,5500,5640,5790,5940,6090,6200,6300,6380,6500,6600,6670,6720,6800,6960,7130,7310,7480
India,25.4k,26k,26.1k,26.4k,26.8k,26.7k,27.6k,29.6k,29.8k,29.2k,29.6k,30.2k,30.4k,30.4k,29.3k,30.3k,31.5k,32.8k,34.1k,34.3k,35.1k,35.8k,36.8k,37.1k,36.7k,37.3k,38.1k,38.8k,39.9k,40.8k
Ireland,353,356,355,363,344,353,344,339,338,338,335,321,331,321,335,333,341,351,356,385,352,371,373,377,386,382,385,393,397,404
Iran,3920,3940,3960,3990,4010,4050,4090,4120,4150,4170,4260,4400,4520,4650,4800,4980,5160,5230,5340,5520,5670,5810,5990,6240,6570,6900,7070,7240,7430,7650
Iraq,325,336,349,359,366,377,387,394,397,399,403,409,417,431,439,446,453,468,498,512,539,568,598,628,649,664,686,712,749,793
Iceland,29.6,29.6,28.9,28.2,28.2,28.4,28.6,29,29,28.3,27.3,27.5,27.4,26.3,26.3,26.9,27.5,27.8,28,28.2,28.1,27.9,28.1,27.6,25.8,26.1,26.3,26.7,26.1,27.4
Israel,318,350,382,383,398,408,404,412,438,424,439,433,437,437,429,435,434,446,445,441,456,466,474,480,473,500,493,504,524,536
Italy,11.2k,11.4k,11.2k,11.1k,11.2k,11k,10.9k,10.9k,11.2k,11.1k,10.9k,10.9k,10.9k,11.4k,11k,11k,10.9k,10.9k,11k,10.9k,10.7k,10.7k,10.7k,10.5k,10.4k,10.8k,10.4k,10.5k,10.6k,10.7k
Jamaica,161,146,149,154,151,135,149,159,170,181,180,181,169,163,151,141,148,180,213,232,182,202,169,169,180,185,186,188,191,191
Jordan,59.7,60.4,62.9,66.6,70,72.3,73.1,73.8,74.3,74.6,73.7,74.1,75.4,74.7,76.8,80.8,86.5,91.9,95.1,101,109,115,123,130,138,148,159,172,187,201
Japan,66.7k,67.5k,68.9k,69.4k,68.5k,69.7k,68.4k,67.9k,70.3k,71.1k,69k,68.4k,68k,70k,69.6k,71.3k,70.1k,70.7k,70.8k,71.2k,71.7k,71.8k,70.9k,70.3k,69k,68k,67.5k,66.2k,66.7k,67.2k
Kazakhstan,2620,2490,2430,2420,2390,2370,2260,2110,1970,1850,1830,1810,1810,1830,1820,1840,1830,1820,1770,1710,1730,1730,1720,1690,1660,1650,1650,1620,1660,1630
Kenya,390,407,425,442,455,472,492,515,544,566,600,620,663,717,759,795,833,858,883,911,943,954,960,963,973,989,1010,1030,1060,1100
Kyrgyz Republic,651,649,649,671,699,674,624,591,551,510,481,465,462,469,461,473,495,509,497,491,502,510,519,525,541,553,545,553,553,565
Cambodia,375,373,373,373,374,377,375,377,380,381,382,385,389,394,401,407,412,421,429,439,450,462,472,482,494,507,523,541,560,578
Kiribati,5.49,5.61,5.77,5.8,5.79,5.81,5.94,6.08,6.24,6.4,6.5,6.62,6.68,6.72,6.73,6.74,6.89,7.05,7.24,7.39,7.5,7.6,7.72,7.81,7.9,7.98,8.11,8.23,8.35,8.45
St. Kitts and Nevis,4.02,3.86,3.72,3.54,3.5,3.48,3.46,3.41,3.39,3.29,3.2,3.12,3.06,3.01,3.09,3.1,3.16,3.17,2.81,2.76,2.84,2.91,3.01,3.11,3.23,3.36,3.45,3.62,3.84,4.6
South Korea,12.7k,13.5k,14k,14.8k,15.9k,16k,16.1k,15.8k,15.5k,15.1k,14.8k,14.6k,14.9k,15.5k,16.1k,16.1k,16.3k,16.6k,17.1k,17.3k,17.4k,17k,16.6k,15.9k,15.4k,14.9k,14.7k,15.2k,15.7k,16.5k
Kuwait,23.7,21,19.7,22.4,24.5,27.1,27.3,30.7,29.2,32.8,32.6,29.6,32.7,33.1,35.4,38.6,40.7,40.7,47.5,44.5,39.5,39.1,43,44.9,46.2,49.7,54,57.5,61.4,64.7
Lao,193,194,195,194,192,191,188,186,185,182,179,178,174,172,171,170,171,170,170,169,168,167,167,168,170,172,175,180,184,190
Lebanon,124,124,127,129,130,131,134,138,142,144,145,149,153,158,164,171,177,185,193,202,209,218,227,233,237,238,238,239,239,240
Liberia,101,103,102,103,103,101,104,100,98.4,94.1,92.2,89.8,88.8,89.1,89.8,91.2,94.9,98,101,104,108,109,112,113,112,112,112,113,116,120
Libya,81,80.9,80.7,80.6,80.5,80.3,80,84.2,89.8,94.2,97,101,106,106,99.6,100,103,112,116,118,118,122,125,130,137,143,151,159,167,176
St. Lucia,10.8,10.8,10.9,10.8,10.7,10.9,11,10.9,10.9,11,11.3,11.5,11.8,11.9,11.9,11.6,11.5,11.7,11.8,11.9,11.9,12,12.3,13.2,14,14.5,15.8,16.4,16.9,17.3
Sri Lanka,495,461,463,450,470,503,515,566,552,563,576,560,556,570,580,595,623,642,680,668,693,720,727,698,708,693,702,709,696,711
Lesotho,61.3,61.6,62.7,63.6,65.8,67.8,70,72.8,74.7,76.5,78,79.3,81.4,82.6,85.1,86.2,87.3,87,86.3,86.2,87,87.5,88.9,90.2,91.6,91.8,90.8,90.2,90.1,90.4
Lithuania,683,696,668,715,710,675,619,581,577,567,556,580,568,560,554,581,592,615,564,509,518,497,489,495,478,485,486,434,429,413
Luxembourg,44.2,44.3,43.5,43.7,43.6,43.3,42.9,42.1,42.3,41.5,41.3,39.9,41.2,42.1,43.5,42.8,42.4,41.3,40.7,41.3,41.4,41.5,41.5,40.6,40.5,39.4,39.1,40.4,41.7,43
Latvia,510,508,512,562,593,523,428,400,416,385,372,388,382,367,368,392,406,403,371,346,343,330,330,329,323,317,289,284,281,277
Morocco,424,436,461,480,479,484,485,490,498,509,493,490,484,507,516,527,541,553,564,574,585,597,616,705,716,729,747,770,794,817
Monaco,6.08,6.11,6.15,6.19,6.22,6.2,6.18,6.14,6.06,5.9,5.71,5.62,5.62,5.67,5.72,5.75,5.78,5.8,5.84,5.91,5.94,5.93,5.95,6.01,6.03,6.01,6,5.98,5.96,5.95
Moldova,569,567,512,502,559,553,491,421,388,387,387,370,374,383,394,431,425,438,439,448,471,417,424,406,426,449,433,395,385,374
Madagascar,280,278,274,287,276,292,297,298,305,302,298,298,304,315,315,316,315,316,325,333,339,345,351,356,360,366,375,385,398,408
Maldives,4.29,4.45,4.57,4.65,4.67,4.64,4.67,4.61,4.46,4.22,4.23,4.26,4.26,4.16,4.05,3.98,3.98,4.01,4.11,4.25,4.38,4.46,4.56,4.69,4.84,4.98,5.27,5.59,5.96,6.34
Mexico,2950,3010,3120,3230,3320,3410,3490,3590,3710,3710,3740,3750,3900,4000,4000,4140,4140,4180,4460,4590,4560,4540,4610,4870,4960,5070,5230,5580,5730,5970
Marshall Islands,2.31,2.36,2.42,2.39,2.21,2.26,2.28,2.35,2.41,2.46,2.52,2.59,2.67,2.73,2.78,2.84,2.94,3,3.05,3.11,3.16,3.22,3.27,3.33,3.38,3.44,3.51,3.59,3.66,3.74
North Macedonia,275,280,307,319,318,325,327,323,329,324,316,322,334,324,312,319,332,333,324,334,334,325,324,322,330,332,338,340,341,343
Mali,511,508,511,516,520,520,519,514,510,507,513,518,533,544,561,576,591,616,636,660,676,684,697,714,731,756,793,823,838,851
Malta,35.1,34.2,33.1,32.7,32,33,34,34.8,34.3,33.7,33,33.8,34.7,34.6,34.8,35.5,35.3,36.7,38,38.5,38.9,39.4,39.6,39.9,40.2,38.3,39.8,40.8,41.5,42.4
Myanmar,1920,1940,1950,1950,1930,1920,1900,1890,1870,1850,1840,1830,1820,1800,1810,1780,1770,1730,1700,1690,1670,1680,1660,1660,1660,1670,1690,1720,1740,1760
Montenegro,36,34.9,35.6,38.3,40,40.9,41.9,44.4,44.9,44.5,44.5,45.8,47.5,49.2,50.4,51.2,51.5,50,49,49,48.5,49.1,48.5,49.6,50.6,51.6,53,53.8,52.6,52.5
Mongolia,393,407,412,422,430,447,459,451,452,446,444,458,458,454,447,446,442,438,443,462,478,491,498,505,512,528,562,585,609,639
Northern Mariana Islands,2.31,2.48,2.54,2.51,2.5,2.56,2.69,2.91,3.17,3.41,3.62,3.64,3.5,3.31,3.14,3.08,3.14,3.22,3.3,3.38,3.54,3.64,3.68,3.67,3.68,3.78,3.77,3.84,3.89,3.95
Mozambique,227,228,232,237,240,244,248,255,262,271,283,286,296,305,318,332,346,358,373,386,401,415,426,434,437,438,439,443,447,451
Mauritania,89.1,86.9,85.8,85,81.7,78.2,76.6,74.6,73.7,69.8,69.3,70.9,72,72.5,75.4,76.7,79.2,79.2,80.1,84.1,85.1,87.5,91.5,94.3,93.5,95.2,95.9,99.9,102,104
Mauritius,64.6,61.7,63.9,68.2,66.9,64.8,67.8,71.4,67.7,66.9,66.2,69.4,71.7,69.8,68.1,71,72.3,71.4,75,75.5,72,73.4,72.1,69.9,71.3,72.2,73,73.9,76.8,78.5
Malawi,101,104,108,110,114,119,123,127,131,131,130,127,126,125,125,123,123,122,121,122,124,125,124,124,125,126,129,131,134,137
Malaysia,498,505,517,527,555,598,605,606,595,676,649,649,654,684,688,685,695,709,749,774,766,779,796,789,837,870,926,969,1010,1080
Namibia,16.6,17,17.6,18.1,18.8,19.6,20.4,21,21.8,22.7,23.6,23.9,24.6,25,24.9,24.7,24.2,23.7,23.6,23.6,23.7,23.3,23.3,23.7,24.2,24.9,25.5,26.1,26.6,27
Niger,263,257,257,259,256,257,251,253,256,258,263,275,285,301,307,321,329,341,347,359,373,385,401,420,436,454,474,494,513,522
Nigeria,1090,1120,1150,1180,1210,1230,1240,1260,1290,1310,1340,1360,1410,1440,1470,1500,1520,1520,1540,1580,1620,1650,1690,1690,1680,1660,1650,1660,1660,1660
Nicaragua,147,172,174,182,194,208,222,215,215,228,225,232,251,271,273,292,277,295,312,316,315,333,345,352,359,348,376,376,391,404
Niue,0.17,0.17,0.18,0.18,0.18,0.18,0.18,0.18,0.18,0.18,0.18,0.18,0.17,0.17,0.17,0.16,0.16,0.16,0.15,0.15,0.15,0.14,0.14,0.14,0.14,0.14,0.14,0.14,0.14,0.14
Netherlands,1870,1860,1860,1910,1830,1790,1830,1780,1780,1800,1770,1810,1850,1960,1870,1760,1770,1760,1810,1820,1830,1810,1860,1880,1840,1920,1940,2010,2050,2090
Norway,533,512,517,508,493,493,472,467,475,461,453,440,432,421,409,399,393,392,401,399,391,405,387,393,382,374,377,363,370,379
Nepal,499,497,492,501,502,505,500,505,504,501,507,504,504,509,526,544,570,596,623,652,679,716,750,780,802,828,848,871,894,914
Nauru,0.6,0.61,0.62,0.63,0.64,0.66,0.68,0.7,0.72,0.73,0.73,0.74,0.75,0.74,0.73,0.72,0.71,0.7,0.69,0.68,0.66,0.64,0.62,0.61,0.59,0.58,0.57,0.57,0.57,0.57
New Zealand,249,248,260,256,247,265,264,263,263,276,268,272,279,275,262,259,256,269,268,268,266,270,273,274,282,280,292,296,315,320
Oman,53.9,55.8,57.3,58.3,59.5,61.3,63.8,65.2,65.5,65.5,66.2,67.7,68.8,67.9,65.8,67,71,75.3,78.3,78.5,78.7,83.5,85.6,85.1,82.3,83.5,85.9,86.5,81.7,80.1
Pakistan,2520,2580,2650,2740,2840,2950,3010,3130,3210,3320,3460,3500,3540,3570,3610,3670,3710,3740,3810,3880,3960,3990,4050,4130,4200,4260,4330,4400,4460,4520
Panama,171,178,187,211,207,219,206,215,216,217,199,201,209,217,210,220,226,224,238,243,248,255,269,271,284,290,297,305,305,311
Peru,1720,1530,1700,1810,1790,1860,1880,1990,2080,2130,2220,2220,2260,2330,2340,2350,2380,2400,2500,2890,3070,3130,3150,3170,3130,3150,3220,3320,3420,3510
Philippines,1320,1340,1400,1450,1510,1530,1580,1590,1600,1530,1510,1520,1540,1530,1530,1570,1610,1620,1660,1690,1720,1750,1800,1840,1890,1940,1980,2010,2050,2090
Palau,1.19,1.22,1.27,1.32,1.35,1.42,1.48,1.54,1.62,1.71,1.77,1.81,1.83,1.83,1.83,1.84,1.84,1.84,1.83,1.84,1.85,1.86,1.87,1.91,1.95,1.99,2.03,2.09,2.14,2.2
Papua New Guinea,178,184,190,193,196,201,207,213,221,228,235,243,253,262,272,282,292,302,311,319,334,347,357,364,375,388,398,413,429,443
Poland,5280,5410,5180,4900,4810,4880,4730,4810,4810,4960,4720,4660,4610,4560,4620,4560,4570,4590,4540,4460,4350,4290,4300,4210,4070,4190,4140,4180,4190,4200
Puerto Rico,277,276,277,278,271,282,274,263,280,265,259,271,253,249,255,253,245,241,238,246,228,246,234,238,234,227,230,239,244,247
North Korea,3100,3220,3330,3420,3530,3620,3700,3790,3850,3920,3970,4030,4070,4130,4200,4270,4360,4440,4520,4570,4600,4620,4640,4640,4630,4620,4680,4740,4810,4860
Portugal,2210,2230,2220,2230,2090,2160,2210,2150,2170,2190,2170,2190,2220,2240,2160,2180,2180,2140,2130,2090,2060,2030,1990,1960,1940,1870,1920,1960,1950,1960
Paraguay,137,136,153,162,175,188,208,215,230,245,249,248,246,250,256,253,254,251,248,256,257,249,248,254,257,273,295,306,315,327
Palestine,55.8,55.9,55.8,55.7,55.6,55.8,56.1,56.3,56.1,56.1,56.7,58.1,59.9,61,62,63,64.4,64.4,65.2,66.8,68.9,71.7,73,74.6,79.9,81.9,82.2,86,90.5,94.8
French Polynesia,,,,,,,,,,,,,51,,,,,,,,,,,,,,,,,
Qatar,7.35,7.94,8.42,8.68,8.3,8.46,9.93,11.2,12,12.3,12.4,12.8,14,15.2,15.8,17,18.5,19.4,20.1,21.6,22.7,23.7,25,26.5,28,28.9,30.1,31.7,34.7,37.8
Romania,2830,2800,2980,2980,3000,3110,3240,3280,3120,3000,2990,3180,3280,3250,3170,3120,3050,2980,3070,3070,3060,2860,2900,2800,2940,2930,2960,2960,2940,2900
Russia,32.3k,31.6k,33.4k,38.8k,40.7k,36.7k,32.8k,29.7k,28.5k,30.3k,30.9k,30.3k,30.3k,30.1k,28.7k,29.6k,26.6k,25.3k,25.8k,24.6k,25.1k,23.2k,22.8k,22.5k,23.3k,23.1k,22.9k,21.5k,21.2k,21.5k
Rwanda,235,248,238,206,197,211,234,245,240,228,215,200,192,185,180,174,171,171,171,170,172,176,182,185,190,196,203,211,220,229
Saudi Arabia,239,249,257,265,276,287,296,300,303,309,314,315,322,328,329,332,335,342,349,354,364,369,377,392,410,425,446,466,488,512
Serbia and Montenegro,,,,,,,,,,,,,1060,,,,,,,,,,,,,,,,,
Sudan,983,1020,1060,1080,1110,1130,1150,1170,1190,1200,1230,1260,1300,1330,1360,1380,1400,1410,1430,1450,1470,1490,1520,1540,1570,1580,1620,1660,1700,1750
Senegal,317,318,317,316,318,309,302,299,298,298,293,349,360,352,373,384,390,401,413,434,416,432,436,453,474,486,504,509,510,525
Singapore,366,382,378,372,388,388,407,401,403,380,364,359,364,353,337,345,338,364,383,386,395,404,400,414,414,417,430,427,448,461
Solomon Islands,26.7,27.8,28.7,29.5,30.2,31,31.9,32.9,34,35,36.3,37.6,38.7,39.7,40.6,41.5,42.7,43.5,43.1,44.8,45.5,47.2,48.3,49.3,50.5,51.3,52,52.8,53.8,55
Sierra Leone,183,178,174,170,164,162,159,158,155,151,152,156,161,167,171,178,182,185,185,188,193,197,201,204,206,213,217,224,232,238
El Salvador,241,254,275,299,319,334,329,368,436,410,440,435,422,454,486,500,513,497,473,492,443,454,412,429,493,505,513,519,522,539
San Marino,7.3,7.39,7.5,7.64,7.82,7.81,7.85,7.92,8.02,8.14,8.31,8.27,8.32,8.35,8.54,8.64,8.73,8.84,8.97,9.14,9.32,9.48,9.74,10,10.3,10.6,10.8,11,11.2,11.3
Somalia,226,229,235,240,246,254,262,269,278,283,287,289,296,302,309,313,316,325,333,340,346,350,356,362,370,378,387,398,409,418
Serbia,985,985,1040,1070,1110,1140,1180,1230,1130,1110,1150,1110,1120,1120,1140,1130,1110,1090,1100,1080,1050,1030,1010,996,996,1010,964,967,967,970
South Sudan,149,150,151,152,152,154,153,150,150,149,147,143,142,143,144,144,145,146,146,147,148,149,150,150,151,150,150,151,154,156
Sao Tome and Principe,5.76,5.85,5.96,6.05,6.11,6.32,6.54,6.73,6.99,7.02,6.99,7.07,7.17,7.19,7.34,7.26,7.47,7.46,7.49,7.64,7.75,7.82,8.09,8.28,8.54,8.7,8.89,9.12,9.35,9.57
Suriname,15.4,16.4,17.1,18.9,17.4,14.1,13.4,14,15.9,17.3,17.9,18.5,19.2,19.6,19.3,18.8,18.3,18.5,18.9,19,19.6,19.6,19.7,21.1,22.5,23.4,24,24.7,25.4,25.7
Slovak Republic,793,764,758,724,696,700,675,684,695,670,649,620,604,578,551,573,566,584,604,607,611,615,615,614,622,650,626,642,644,656
Slovenia,308,305,305,307,306,306,302,312,315,310,306,316,310,322,309,291,308,309,313,310,316,304,308,308,289,314,311,317,321,323
Sweden,1020,1020,956,940,889,887,861,864,847,839,792,778,748,725,731,691,670,659,642,636,619,615,601,603,597,607,597,610,624,634
Eswatini,18.2,18.6,18.6,18.7,19.6,21,22.9,23.8,25.4,26.8,28.7,30.5,31.6,32.6,33.3,33.3,33,33,33.2,33.1,32.4,31.6,31.2,30.8,30.4,30.2,30.2,30.2,30.5,30.9
Seychelles,4.32,4.34,4.42,4.42,4.55,4.51,4.45,4.28,4.13,4.02,3.84,3.83,4.06,4.28,4.25,4.36,4.34,4.28,4.3,4.32,4.19,4.09,4.23,4.23,4.29,4.49,4.75,4.94,5.15,5.38
Syria,182,189,201,198,200,203,207,212,221,222,222,217,220,214,215,217,223,235,258,272,290,296,300,304,306,305,311,320,329,338
Chad,247,248,252,259,264,267,278,285,288,292,296,304,315,326,336,340,350,361,373,386,397,409,419,426,434,441,451,462,475,485
Togo,111,113,115,118,121,125,129,132,135,136,139,145,151,159,164,171,177,184,194,202,209,213,215,217,223,229,237,245,249,254
Thailand,2490,2600,2700,2770,2870,2980,3100,2840,3060,3370,3310,3010,3040,3100,2930,2800,2730,2690,2700,2720,2820,2870,2900,2920,3010,3110,3290,3390,3510,3610
Tajikistan,588,587,585,530,539,514,493,467,452,449,452,461,480,481,494,522,542,564,578,584,603,616,621,619,636,653,676,693,691,705
Tokelau,0.08,0.08,0.08,0.08,0.08,0.08,0.08,0.07,0.07,0.07,0.07,0.07,0.07,0.06,0.06,0.06,0.06,0.06,0.06,0.06,0.06,0.06,0.06,0.06,0.06,0.06,0.06,0.06,0.06,0.06
Turkmenistan,273,270,253,287,293,281,288,275,262,229,210,199,202,208,217,223,217,220,215,203,199,198,202,216,224,233,238,242,248,253
Timor-Leste,14.4,14.5,14.9,15.1,15.1,15.1,14.9,14.6,15,15.4,16,16.3,16.8,17.5,17.5,18.1,18.2,18.7,19,20.1,21.4,23,24.4,25.5,26.5,27.7,28.6,29.7,30.8,31.6
Tonga,5.52,5.6,5.69,5.81,5.91,5.9,6.06,6.3,6.85,7.48,7.57,7.43,7.59,7.7,7.44,6.89,6.92,7.01,7.08,7.12,7.15,7.17,7.17,7.15,7.1,7.05,7.02,7.01,7,6.98
Trinidad and Tobago,55.7,52.8,54.9,55.7,56.3,50,54.1,50.7,53.1,50.3,46.6,45.3,45.1,44.8,42.7,44,41.7,41.6,44.6,41.1,41.9,41,39.3,41.1,42.7,44.4,46.5,47.9,49.1,50.3
Tunisia,202,216,226,236,238,249,253,264,270,274,277,283,288,293,297,303,309,315,322,329,337,345,354,364,374,385,396,408,420,430
Turkey,4730,4730,4750,4750,4710,4630,4470,4360,4170,3890,3580,3590,3660,3680,3720,3780,3930,4120,4420,5020,5420,5740,5910,6130,6380,6450,6560,6690,6720,6830
Tuvalu,0.7,0.71,0.71,0.71,0.7,0.7,0.7,0.71,0.7,0.69,0.68,0.67,0.67,0.67,0.67,0.68,0.69,0.69,0.7,0.71,0.72,0.73,0.74,0.75,0.75,0.76,0.77,0.78,0.79,0.8
Taiwan,2260,2320,2410,2460,2590,2700,2840,2910,2930,2900,2970,3030,3060,3000,3100,3180,3190,3260,3460,3500,3580,3830,3800,3750,3850,3800,3910,3970,4010,4090
Tanzania,659,672,686,701,714,723,739,758,781,796,802,802,812,825,839,851,856,862,868,871,872,877,893,907,914,925,944,974,1000,1030
Uganda,434,466,486,517,544,572,588,601,615,623,633,627,633,636,647,648,653,656,648,650,649,653,662,679,687,691,707,713,734,751
Ukraine,13k,13.5k,13.8k,13.7k,13.7k,14.3k,13.6k,12.6k,11.4k,11.5k,11.5k,10.8k,10.5k,9860,9540,8910,8040,8130,8100,7100,6860,6640,6680,6610,6060,7840,7490,7460,7670,7640
Uruguay,438,426,435,443,435,425,419,415,421,419,408,391,398,390,385,381,371,398,371,375,383,390,393,390,376,373,371,374,375,377
United States,16k,16k,16.1k,16.6k,16.7k,16.8k,16.6k,16.4k,16.4k,16.6k,16.6k,16.6k,16.7k,16.7k,16.2k,16.4k,16.4k,16.4k,16.7k,16.8k,16.8k,17.2k,17.3k,17.5k,17.6k,17.9k,18.4k,18.6k,19.4k,19.7k
Uzbekistan,1650,1670,1700,1790,1850,1880,1930,1850,1780,1760,1800,1800,1780,1760,1680,1700,1640,1600,1550,1470,1450,1490,1540,1560,1600,1660,1680,1730,1770,1800
St. Vincent and the Grenadines,6.67,6.69,6.72,6.68,6.56,6.55,6.73,6.74,6.87,6.91,7.06,6.71,6.76,6.76,6.75,6.53,6.61,6.56,6.71,6.81,7.02,7.25,7.69,8.05,8.41,8.74,8.87,9.11,9.32,9.51
Venezuela,1100,1140,1180,1230,1270,1260,1230,1200,1310,1320,1370,1420,1470,1610,1560,1620,1770,1880,1930,1910,1720,1730,1810,1780,1740,1810,1920,2030,2160,2380
Virgin Islands (U.S.),5.99,6.02,6.17,6.38,6.65,6.5,6.69,6.78,6.94,7.3,7.39,7.6,7.72,7.86,8.06,8.21,8.85,11.8,12,12.2,12.5,12.8,13.1,13.3,13.4,13.7,13.6,13.7,13.8,13.8
Vietnam,4550,4650,4740,4860,4970,5110,5120,5180,5230,5280,5280,5300,5290,5230,5180,5120,5060,5080,5100,5140,5140,5330,5500,5670,5850,6000,6200,6410,6620,6830
Vanuatu,7.59,8.06,8.5,8.79,9.15,9.27,9.55,9.77,9.99,10.3,10.3,10.7,10.6,10.6,10.9,11.5,12,12.5,13,13.4,13.8,14.4,14.8,15.3,15.7,16.1,16.5,17,17.4,17.9
Samoa,8.74,8.78,8.85,8.83,8.85,8.89,8.9,8.9,8.91,8.98,9,9,8.99,9.08,9.13,9.21,9.32,9.34,9.37,9.38,9.37,9.4,9.51,9.56,9.66,9.81,9.96,10.1,10.3,10.5
Yemen,621,636,655,675,696,716,736,756,773,800,831,865,904,937,969,1000,1030,1060,1100,1120,1130,1170,1200,1230,1260,1310,1370,1430,1510,1570
South Africa,1020,1080,1140,1110,1210,1350,1460,1700,1720,1630,1650,1590,1560,1560,1510,1480,1500,1470,1470,1460,1470,1450,1440,1430,1460,1500,1480,1500,1440,1430
Zambia,198,210,220,231,241,252,261,268,275,279,284,286,290,295,298,299,299,296,294,293,299,303,302,303,306,311,318,330,340,350
Zimbabwe,249,255,268,279,294,310,315,321,325,325,331,333,336,336,338,339,340,343,352,352,353,352,351,350,353,361,368,374,382,390
